date,ndiff,ncreated,nterminated,c01,c02,c03,c04,c05,c06,c07,c08,c09,c10,c11,c12,c13,c14,c15,c16,c17,c18,c19,c20,c21,c22,c23,c24,c25,c26,c27,c28,c29,c30,c31,c32,c33,c34,c35,c36,c37,c38,c39,c40,c41,c42,c43,c44,c45,c46,c47,t01,t02,t03,t04,t05,t06,t07,t08,t09,t10,t11,t12,t13,t14,t15,t16,t17,t18,t19,t20,t21,t22,t23,t24,t25,t26,t27,t28,t29,t30,t31,t32,t33,t34,t35,t36,t37,t38,t39,t40,t41,t42,t43,t44,t45,t46,t47
2021-07-14,2772,523,188,14,0,2,4,2,2,3,4,9,8,37,10,183,16,2,0,0,6,5,3,4,12,25,13,2,1,71,14,0,0,2,0,3,8,3,1,2,3,2,14,0,0,4,6,7,5,11,8,1,2,3,4,1,5,1,3,2,3,8,40,10,6,3,1,4,0,2,6,7,8,1,3,2,14,4,0,0,1,0,3,5,0,1,1,0,0,11,2,0,3,6,0,0,3
2021-07-15,2511,456,175,7,4,1,4,1,0,5,9,4,4,11,5,152,45,0,3,2,1,1,3,2,8,16,3,7,19,63,14,4,1,2,1,5,5,4,0,1,2,1,8,2,3,5,7,2,2,7,10,0,2,1,1,0,3,5,2,5,8,3,34,14,5,2,0,1,0,3,2,4,11,0,1,4,14,6,1,4,2,0,1,2,3,0,1,2,1,6,1,3,1,0,1,3,2
2021-07-16,2743,469,211,17,2,2,6,0,3,3,11,0,7,16,31,102,49,1,4,8,1,3,4,7,8,28,3,2,7,57,12,3,5,1,0,5,7,2,5,2,3,2,20,1,3,3,2,3,2,6,10,1,2,4,1,0,3,5,3,2,9,11,45,9,6,1,2,4,0,2,1,11,7,4,2,4,13,10,1,0,0,1,4,2,1,1,1,3,3,8,3,3,3,1,2,1,1
2021-07-19,2998,551,217,5,2,1,3,0,1,0,1,2,7,19,27,169,30,0,1,2,0,3,18,5,12,28,3,5,5,57,28,3,7,0,1,6,3,0,3,3,2,4,51,3,1,7,3,1,10,9,6,2,0,2,1,0,6,2,6,0,19,11,43,12,4,1,1,2,0,0,5,8,6,4,5,4,19,16,0,1,1,0,2,3,1,0,1,3,0,3,0,2,5,2,3,3,2
2021-07-20,2844,555,203,17,2,5,10,6,2,9,9,0,6,45,21,180,12,1,1,5,3,4,5,9,9,17,10,3,3,52,20,3,2,2,2,4,16,7,1,1,2,0,27,0,1,8,1,2,3,7,5,0,2,3,0,1,1,6,2,3,12,8,34,18,4,0,1,5,0,3,4,4,21,4,0,6,19,6,2,0,0,1,2,3,0,0,2,0,1,8,1,2,6,0,1,1,1
2021-07-21,2742,498,186,26,3,1,9,1,0,2,7,3,2,21,22,155,43,5,3,3,0,0,3,2,5,15,3,7,3,52,15,0,0,0,0,3,5,2,2,0,2,1,31,7,2,5,1,2,3,21,8,5,2,0,2,2,5,5,1,3,6,11,48,6,1,4,3,1,0,6,4,4,8,3,1,2,8,6,2,0,0,1,2,5,3,1,0,1,1,4,1,3,1,3,0,1,2
2021-07-26,2626,461,207,8,3,1,3,1,1,2,2,1,3,11,13,123,59,0,3,6,0,3,4,5,12,43,0,3,3,45,21,7,7,0,0,9,8,0,4,0,3,2,12,0,4,8,0,3,9,6,3,1,4,3,0,0,4,5,0,3,14,5,41,21,8,2,1,0,0,4,1,5,8,3,8,4,19,6,3,3,0,0,3,2,0,1,2,0,0,6,0,6,2,2,1,2,1
2021-07-27,2757,598,172,24,4,1,6,4,2,0,6,5,7,15,30,157,13,9,0,1,1,7,7,7,12,21,11,9,36,83,13,8,5,0,1,5,5,6,0,6,7,2,21,1,0,6,8,5,6,14,9,4,5,3,1,1,4,1,2,1,4,1,35,15,9,0,1,0,0,2,2,6,15,1,2,5,12,4,1,1,2,2,5,2,2,1,1,2,0,3,0,0,3,1,0,0,1
2021-07-28,2926,679,219,38,0,5,7,0,1,10,9,5,6,40,33,190,38,2,1,3,0,7,7,7,17,22,6,13,20,102,20,2,0,4,2,1,11,0,4,5,2,1,15,2,2,8,2,6,2,1,7,0,3,0,1,4,5,3,5,3,4,4,47,11,4,0,1,2,0,11,5,4,27,3,1,4,17,6,2,1,2,0,5,0,3,1,1,2,0,9,0,1,6,0,1,3,0
2021-07-29,2719,656,179,11,2,5,7,1,1,4,11,11,4,19,30,230,56,3,0,10,0,1,3,3,8,26,5,8,17,59,40,4,1,3,2,4,8,8,3,3,1,4,13,0,4,2,4,3,1,11,7,5,3,2,1,2,5,4,1,3,3,6,52,10,0,0,2,1,0,2,4,7,14,5,1,0,7,7,2,1,0,4,4,2,1,0,0,1,0,2,1,2,3,0,0,1,1
2021-07-30,2725,492,218,9,0,2,8,1,1,3,11,2,1,28,18,131,13,3,1,1,2,2,1,6,4,55,0,1,7,56,26,5,3,3,1,2,6,1,1,1,1,2,30,1,3,4,4,5,5,19,7,2,1,1,3,1,4,4,2,0,5,6,48,14,5,1,5,2,3,1,3,3,25,2,0,4,11,5,1,3,0,2,1,5,6,1,5,1,1,5,2,2,5,1,0,8,1
2021-08-02,2785,504,251,6,0,1,16,0,0,4,5,1,4,28,23,175,41,3,2,2,2,1,3,7,2,27,3,2,5,37,30,7,3,2,0,5,5,0,1,2,0,1,19,4,1,9,1,4,3,7,11,0,4,3,1,6,3,8,4,2,7,13,51,16,4,5,3,0,0,7,7,7,18,0,0,12,21,11,3,0,0,1,0,4,0,0,1,2,0,4,1,1,2,3,0,2,3
2021-08-03,2944,582,204,19,6,4,3,1,5,0,3,2,7,8,14,151,49,7,1,6,3,8,12,12,37,48,8,5,0,43,13,5,6,4,1,16,8,1,4,4,9,6,6,1,4,14,2,8,2,6,8,3,1,5,3,4,4,7,3,1,10,6,38,12,4,3,1,5,0,3,4,4,7,4,1,3,12,7,3,0,1,0,6,5,0,4,0,3,1,5,0,4,3,4,0,1,1
2021-08-04,3086,893,231,21,3,15,14,3,1,7,23,17,13,30,41,198,35,10,5,4,5,4,10,15,26,67,23,8,35,48,14,1,9,0,5,33,35,2,3,12,16,3,19,2,3,23,11,9,8,4,11,4,2,2,0,4,1,4,3,4,9,8,39,21,5,1,0,1,2,1,4,7,27,2,1,1,16,7,2,1,2,3,5,6,3,0,5,4,2,4,1,2,1,0,1,1,1
2021-08-05,2894,902,205,18,1,2,25,1,7,10,21,7,6,30,31,239,44,8,3,3,6,6,19,14,16,55,11,7,23,89,46,2,3,2,0,13,22,18,7,3,5,3,12,0,7,8,5,10,13,21,9,0,3,1,0,1,0,9,2,4,12,3,48,13,9,4,2,1,2,0,2,4,11,3,2,3,10,4,1,0,0,3,3,4,3,1,0,2,2,8,1,5,1,3,4,2,0
2021-08-06,3056,854,213,16,5,2,9,7,0,12,8,14,5,64,21,215,88,9,2,5,2,1,5,10,16,45,4,5,7,97,54,5,1,6,2,7,14,4,7,4,3,2,26,1,7,9,7,3,11,7,5,0,1,1,0,2,4,3,4,0,17,8,40,10,3,2,0,3,1,5,10,9,19,3,3,9,23,9,0,0,0,0,1,1,1,3,1,0,0,1,1,2,0,1,3,3,1
2021-08-10,2958,616,243,15,3,1,6,1,2,5,7,2,0,30,68,182,36,1,2,11,2,5,2,10,12,29,4,5,16,43,25,7,1,1,0,3,15,3,2,0,3,0,34,2,3,2,5,2,7,1,3,1,1,6,3,5,2,1,0,2,8,5,53,26,5,3,5,1,4,1,4,10,24,5,1,4,15,3,1,0,1,1,3,10,3,0,0,4,1,4,0,2,6,2,3,0,1
2021-08-11,2759,602,210,14,8,2,12,0,2,0,7,1,7,38,22,200,12,6,8,5,2,1,8,4,5,23,1,2,15,59,17,6,1,1,2,7,13,2,2,1,2,2,60,2,1,3,2,1,1,12,12,0,2,2,0,2,2,1,0,2,13,5,47,19,2,0,0,0,1,7,1,8,12,1,2,8,9,11,2,0,0,1,6,6,3,1,1,2,2,7,0,3,4,1,0,0,2
2021-08-12,2659,491,248,17,1,4,6,1,3,6,10,4,2,14,15,163,50,2,4,5,1,0,3,2,3,15,0,3,4,57,10,4,3,0,0,2,4,4,1,2,1,2,15,11,1,2,3,2,5,24,11,2,0,5,3,3,3,4,3,4,9,11,45,24,9,3,3,1,1,2,2,7,18,4,2,1,21,4,0,1,1,2,3,2,1,3,2,6,1,3,1,3,2,1,4,3,4
2021-08-13,2640,489,234,46,0,1,6,0,2,2,2,0,2,21,36,160,19,3,1,3,1,1,4,6,10,23,2,1,1,46,13,5,6,2,0,7,6,0,3,0,2,2,30,2,0,0,0,0,3,3,5,3,4,4,1,1,7,5,4,3,11,8,54,13,6,2,4,1,0,1,1,9,12,0,0,6,12,8,6,0,1,0,1,2,2,0,2,2,2,6,4,2,9,1,2,5,2
2021-08-16,2461,496,230,35,5,1,13,3,1,1,1,5,2,33,2,142,24,2,2,3,4,2,1,8,9,21,8,3,15,41,3,0,0,3,0,2,7,6,1,6,0,1,42,0,2,7,5,5,7,12,9,4,2,6,0,0,2,3,3,0,8,6,53,21,9,1,3,3,0,1,3,9,12,4,0,2,18,4,4,1,0,3,0,3,3,1,3,2,1,7,0,0,2,2,2,7,3
2021-08-17,2328,432,189,17,1,1,0,2,0,3,13,6,5,23,9,124,37,2,2,1,3,1,4,3,6,25,4,1,8,36,33,6,0,1,1,1,11,0,1,0,0,0,20,1,4,1,2,4,3,6,9,2,2,5,0,0,1,4,5,5,2,10,46,12,2,2,5,1,1,2,4,4,13,1,0,2,11,10,1,2,1,1,0,4,1,2,0,1,0,5,0,0,2,2,3,3,0
2021-08-18,2272,389,177,3,3,0,2,0,0,3,3,3,11,19,34,136,28,4,0,0,0,2,2,4,1,17,1,1,3,48,17,1,1,0,0,3,3,0,1,2,3,0,4,0,8,2,1,1,2,12,7,3,0,8,3,0,6,3,1,2,10,6,41,13,1,5,5,1,1,0,1,3,7,1,1,4,15,5,0,1,1,0,2,3,1,1,1,2,0,3,0,0,3,1,1,3,1
2021-08-19,2262,445,196,23,1,0,5,1,0,4,6,8,0,9,38,150,24,2,3,6,2,3,6,8,10,23,1,1,5,31,12,3,2,2,1,5,3,1,1,1,1,0,11,0,3,3,2,2,5,8,6,1,2,2,2,9,7,0,4,2,13,6,52,20,1,1,0,1,1,4,1,1,7,1,0,6,11,12,1,2,1,1,0,1,1,0,1,4,0,5,0,0,1,1,0,4,0
2021-08-20,2312,400,192,8,1,4,3,0,0,1,4,1,7,15,13,130,26,5,1,1,3,2,3,1,11,8,7,3,2,44,27,2,1,0,1,3,6,0,0,2,6,0,15,2,5,13,1,1,0,11,9,2,1,1,0,3,3,6,6,0,12,9,46,15,3,3,0,0,1,6,7,3,8,0,0,2,14,3,0,1,2,1,1,4,0,1,0,2,0,5,1,4,1,1,1,3,1
2021-08-23,2508,492,205,11,0,2,2,3,1,6,6,9,4,33,11,152,36,7,0,1,2,3,3,0,7,16,3,1,15,46,13,5,3,1,2,4,14,4,0,0,3,2,35,1,3,10,2,0,5,5,4,0,0,4,2,0,2,2,4,6,9,7,55,9,4,3,4,0,0,1,1,8,14,3,2,2,13,5,2,0,0,1,2,12,1,0,3,1,1,10,1,1,2,1,1,2,0
2021-08-24,2404,461,235,10,2,1,5,4,5,2,9,3,3,17,6,146,29,1,3,3,1,4,4,6,3,40,4,5,9,39,15,4,1,2,1,5,3,3,1,7,3,0,24,0,4,5,3,2,2,12,7,0,2,4,4,1,6,5,1,4,9,10,41,11,3,2,4,0,0,3,2,6,15,1,1,5,16,8,1,2,0,1,4,3,2,1,0,1,1,4,0,0,3,1,0,1,2
2021-08-25,2191,465,196,21,3,2,6,0,0,1,10,7,2,20,11,136,42,2,1,6,0,0,7,1,4,25,2,5,13,33,6,6,2,1,0,3,11,1,2,3,2,1,40,1,0,5,5,1,6,9,6,1,1,3,4,1,0,0,8,2,2,7,56,20,0,2,0,0,1,5,6,3,14,0,1,3,13,5,1,2,0,1,1,3,1,0,2,0,1,5,0,3,6,0,0,6,0
2021-08-26,2382,474,176,20,2,1,4,2,2,9,7,3,2,17,26,159,22,9,0,6,0,0,1,3,6,13,5,5,6,36,18,6,0,1,1,6,3,2,1,8,5,4,29,3,3,1,2,1,2,12,5,0,1,2,0,2,5,2,4,5,13,13,35,17,4,1,6,2,0,4,2,6,5,2,0,4,2,1,1,0,0,2,4,7,0,0,3,2,1,8,0,1,0,1,0,1,2
2021-08-27,2364,427,218,3,3,0,4,0,1,2,6,1,2,34,25,142,28,1,3,1,0,2,2,4,4,15,1,4,7,41,15,2,1,0,0,4,7,2,1,0,4,0,30,1,2,4,5,1,5,7,4,2,1,10,1,1,4,3,2,3,13,6,52,20,4,1,1,2,1,6,3,5,7,2,1,3,13,6,2,3,3,1,7,7,0,3,0,1,1,6,0,2,2,0,2,0,1
2021-08-30,2379,408,222,24,1,4,3,1,1,2,5,7,5,32,14,125,31,2,1,3,0,0,1,4,5,22,2,1,9,39,11,0,1,0,1,1,2,0,2,2,1,0,19,1,0,4,1,2,6,10,7,1,2,8,0,1,3,3,9,3,11,3,71,12,3,2,2,0,9,1,2,0,9,2,2,8,10,2,1,1,0,2,4,12,1,0,0,1,1,3,1,3,2,1,0,1,2
2021-08-31,2364,405,198,6,2,0,9,2,0,2,4,0,1,19,6,157,19,4,0,4,1,4,3,5,5,5,1,3,7,39,14,4,4,1,1,7,6,3,4,3,3,3,23,4,3,4,4,0,0,4,3,1,1,2,0,1,3,2,0,2,10,8,60,19,3,2,1,1,1,4,1,4,10,2,1,6,9,2,2,2,0,2,1,12,3,0,1,0,4,5,1,1,2,0,0,2,1
2021-09-01,2496,430,223,18,1,4,3,0,2,4,6,6,1,30,25,115,30,0,2,0,1,1,2,3,5,27,4,4,4,52,8,5,5,1,0,5,8,2,1,2,3,2,18,0,4,5,0,4,2,5,3,0,2,3,1,0,3,1,3,3,18,5,50,24,2,1,0,0,2,3,8,6,20,2,0,3,17,7,4,1,0,0,8,9,1,0,0,1,2,5,1,0,1,1,1,0,1
2021-09-02,2564,601,228,29,1,4,9,0,2,2,2,5,4,30,24,136,29,5,3,1,5,2,6,19,31,25,3,11,10,60,18,3,10,0,4,13,17,5,1,10,8,1,6,1,6,4,5,7,7,7,5,2,3,8,0,1,1,6,2,0,13,6,73,14,1,4,2,3,0,5,2,7,8,2,1,3,16,6,1,1,0,0,1,9,0,0,3,2,1,6,2,0,2,0,1,4,1
2021-09-03,2989,845,191,30,4,3,26,7,2,8,8,1,2,23,21,188,44,9,7,9,5,3,15,21,24,57,13,13,15,73,31,3,11,8,4,18,31,9,0,9,9,6,13,0,7,22,2,3,10,18,12,1,2,1,2,0,2,3,2,0,10,9,35,8,2,2,1,1,1,3,3,6,5,4,1,2,22,7,0,1,1,2,5,9,2,1,1,4,0,7,2,2,1,0,2,1,3
2021-09-06,3340,1087,224,14,1,2,11,5,8,8,31,3,24,90,66,278,51,14,3,6,8,14,6,12,29,45,5,3,33,105,47,5,2,2,0,8,15,7,8,11,4,1,39,4,10,13,5,4,14,13,6,0,2,6,3,1,2,3,5,4,9,3,58,7,3,4,1,0,3,2,1,8,14,6,3,3,19,5,0,0,2,2,1,6,0,0,2,2,0,12,0,2,6,0,3,5,0
2021-09-07,2942,775,243,19,2,2,8,1,2,4,13,12,13,18,40,218,71,5,1,7,2,2,6,2,15,52,5,4,8,95,40,8,1,2,0,4,8,3,3,1,2,3,34,5,1,2,9,7,8,7,13,0,2,3,1,2,2,4,1,12,4,11,50,13,5,2,3,0,3,4,4,4,17,1,0,2,25,6,1,2,2,2,7,2,0,1,3,3,1,4,2,4,5,1,4,3,2
2021-09-08,2951,610,221,19,5,0,5,1,1,1,3,8,4,37,16,202,44,2,9,7,0,2,2,2,3,37,3,0,14,48,16,6,2,0,1,2,4,8,8,4,1,2,52,4,4,2,2,1,0,16,12,3,1,4,2,1,7,1,3,1,9,7,47,12,2,2,2,1,1,5,3,8,25,4,1,3,13,4,1,0,2,1,2,2,0,2,0,2,3,10,2,4,2,2,0,0,2
2021-09-09,2454,415,236,15,0,0,1,1,2,4,3,5,3,9,20,135,21,3,2,3,0,0,6,5,5,19,2,2,13,47,10,1,2,1,0,1,7,6,3,2,2,3,33,0,5,4,2,0,3,4,8,2,1,3,2,0,0,2,4,6,8,16,54,13,5,0,1,1,0,2,4,13,16,3,2,4,11,11,2,2,4,2,5,4,1,2,3,3,1,7,0,2,2,0,0,2,2
2021-09-10,2695,452,273,25,2,1,3,3,0,1,4,0,6,15,20,148,31,1,3,0,2,0,0,0,4,20,3,3,3,56,12,3,1,0,0,3,3,1,0,1,6,1,45,3,1,6,1,4,2,5,12,1,2,8,3,4,2,2,3,6,15,12,65,10,5,5,2,3,4,3,3,7,17,2,2,12,21,3,1,3,0,1,2,3,2,2,7,1,0,5,1,3,1,1,4,2,0
2021-09-13,2695,466,273,25,0,3,2,2,3,3,2,7,0,20,18,162,22,7,3,4,0,0,3,12,10,21,5,4,7,23,11,2,3,1,0,7,12,2,2,1,3,2,26,1,0,0,7,0,8,10,5,10,4,3,2,0,1,2,1,4,19,8,64,13,7,2,1,0,2,1,3,4,27,4,2,6,22,11,1,0,3,1,4,8,2,1,1,1,0,7,1,5,3,1,1,2,3
2021-09-14,2691,567,241,32,0,2,6,5,2,7,11,6,2,14,13,167,44,3,3,2,8,5,8,8,15,16,5,4,12,48,14,3,4,2,2,4,11,2,0,3,7,0,29,0,15,9,8,1,3,2,6,2,1,4,5,2,9,6,4,10,15,6,57,14,2,4,5,1,0,2,3,7,19,3,3,1,8,5,3,1,0,1,2,1,6,2,0,1,1,3,4,4,2,4,2,0,0
2021-09-15,2695,627,227,30,3,4,14,2,1,13,14,10,8,28,15,150,27,6,2,4,2,4,3,7,3,37,3,0,13,71,26,8,3,4,1,1,11,10,2,5,3,1,44,2,4,2,0,6,10,10,8,2,0,0,1,0,5,2,4,2,2,8,59,13,3,3,4,0,0,3,2,6,13,5,1,8,12,8,1,2,0,2,2,4,0,5,2,6,0,17,0,3,4,1,1,3,0
2021-09-16,2489,509,215,9,2,1,1,1,1,4,5,3,8,28,35,130,42,1,4,0,3,1,5,4,8,26,0,4,7,79,16,5,1,2,1,3,10,2,5,3,1,0,32,4,0,4,0,2,0,6,9,2,1,1,1,2,2,0,1,0,2,10,58,17,4,1,5,1,0,11,4,6,17,3,2,4,13,4,0,0,2,0,3,2,1,0,4,0,0,8,4,0,5,1,3,1,0
2021-09-17,2489,479,206,17,3,3,2,2,2,0,19,3,11,8,17,166,26,4,0,1,0,1,0,9,8,25,3,6,2,30,18,3,3,0,1,5,9,3,7,3,2,2,23,2,2,5,6,2,4,10,6,0,1,4,2,0,4,9,2,2,4,11,46,12,5,4,1,0,0,3,3,8,13,2,0,6,15,4,1,0,0,2,5,2,3,1,3,0,0,7,1,3,3,0,1,3,4
2021-09-21,2364,511,214,18,1,2,9,4,1,0,6,8,5,34,12,140,47,4,3,1,3,2,11,9,9,34,5,5,5,45,7,6,0,1,2,5,9,3,0,5,1,4,22,1,2,2,3,6,0,6,8,0,4,2,1,3,4,1,3,2,8,6,55,18,6,0,1,2,0,2,9,4,5,1,0,3,15,7,2,1,0,1,2,7,0,0,1,4,1,5,5,2,5,2,1,2,3
2021-09-22,2506,564,261,26,5,1,2,1,2,6,9,1,6,33,21,179,49,7,5,3,0,4,4,4,6,13,7,5,12,71,19,8,0,1,2,2,4,4,4,4,2,0,13,1,2,1,5,2,5,3,11,1,1,6,1,2,4,5,4,4,23,4,67,12,7,0,1,0,3,4,3,6,10,3,5,5,21,5,2,0,2,0,3,4,1,1,0,2,1,15,1,2,2,2,1,1,3
2021-09-24,2452,454,197,7,8,2,6,2,2,3,4,5,4,23,19,118,40,4,2,0,0,2,5,6,6,33,3,3,5,33,26,6,3,3,2,8,4,3,1,3,5,0,15,2,2,1,6,2,6,11,8,0,0,5,0,4,4,6,1,6,5,5,38,10,2,6,3,3,2,5,3,7,18,2,1,6,18,4,1,2,1,0,1,3,1,1,0,1,0,8,0,1,1,0,0,3,1
2021-09-27,2438,500,192,20,1,2,3,1,3,2,9,7,1,25,15,158,20,3,1,2,2,7,4,12,8,17,5,6,7,66,10,4,2,2,3,2,8,0,1,4,4,0,19,2,3,6,2,0,5,16,8,2,0,3,0,3,0,4,4,1,10,4,42,14,1,4,1,3,1,2,7,5,13,0,4,7,8,8,0,1,1,4,2,5,1,2,1,0,0,10,0,0,1,0,2,1,2
2021-09-28,2678,608,217,20,2,2,4,1,0,7,6,5,3,24,42,171,46,1,4,4,0,1,7,3,8,30,6,5,16,69,21,6,2,0,1,6,11,5,2,2,1,0,36,1,5,2,3,0,8,7,5,1,1,3,0,4,4,0,1,4,19,8,51,14,2,1,2,2,0,2,3,8,12,1,1,5,15,4,0,4,5,0,2,7,2,1,1,2,0,10,0,0,2,1,0,1,6
2021-09-29,2666,525,236,7,2,3,4,4,0,0,9,11,1,27,13,177,30,5,0,5,0,3,2,5,7,24,2,6,10,49,25,4,1,1,1,9,7,2,2,3,7,1,24,2,2,11,2,2,6,7,9,4,2,1,0,2,3,2,7,3,6,12,52,27,7,0,3,2,3,3,4,11,20,2,2,4,14,5,1,1,2,3,1,1,0,1,0,3,4,5,1,0,0,1,1,1,0
2021-09-30,2377,618,191,25,2,4,11,1,3,9,11,0,7,14,15,153,44,4,1,3,7,3,11,16,13,21,5,12,13,82,11,4,1,0,2,10,14,6,1,5,2,7,41,0,5,4,4,1,6,2,7,2,2,0,0,3,4,2,5,1,8,9,57,10,1,0,1,0,2,2,4,3,8,1,2,1,15,5,1,1,1,1,5,7,2,2,1,1,0,6,0,1,0,2,1,2,1
2021-10-01,2641,592,206,19,1,2,8,1,1,2,4,6,2,32,19,196,35,5,5,3,3,9,4,3,10,24,3,1,17,51,21,4,5,2,3,9,6,5,0,3,5,6,19,3,2,3,4,2,6,18,10,2,0,7,2,0,5,4,1,1,12,10,40,12,5,2,2,3,2,1,1,4,13,2,1,0,16,10,6,2,0,0,2,1,2,4,0,5,2,7,1,0,2,2,0,1,1
2021-10-04,2827,817,223,31,3,11,21,1,3,1,3,9,12,12,27,154,55,6,3,2,3,5,2,28,37,59,13,18,20,64,40,6,9,0,3,20,23,4,1,8,8,8,21,1,10,14,5,13,13,7,8,5,2,1,1,3,1,2,0,3,2,3,48,11,4,2,2,0,2,4,5,10,22,2,1,5,20,7,1,1,0,0,2,7,1,2,6,1,0,11,1,4,1,1,1,4,3
2021-10-05,3024,952,255,40,1,6,17,7,8,5,6,9,24,24,29,179,52,7,2,22,0,6,15,25,44,72,11,9,13,62,21,5,0,6,12,22,21,5,4,9,8,1,56,1,15,19,18,11,17,6,20,5,0,3,3,1,2,2,4,4,13,7,66,17,6,2,0,0,0,4,1,11,9,3,3,2,24,7,0,0,0,1,2,5,0,0,2,3,3,4,0,1,5,4,4,1,1
2021-10-06,3567,1341,230,35,13,3,14,5,9,7,36,15,5,92,83,316,94,17,3,1,12,8,20,23,16,55,24,14,45,143,40,15,5,4,3,7,26,17,2,8,14,2,31,3,9,5,3,10,12,17,19,1,2,6,1,1,3,3,2,4,6,2,47,11,1,1,7,2,4,7,8,7,17,4,2,2,13,4,0,2,1,3,6,2,0,3,3,1,1,9,2,2,1,1,4,2,0
2021-10-07,2961,1024,196,36,2,2,20,2,4,9,23,12,6,54,20,309,57,5,9,7,2,5,10,5,20,59,6,12,41,117,50,10,1,2,0,10,2,9,0,6,1,0,19,14,2,12,7,6,3,16,4,1,2,2,2,1,3,1,0,7,5,5,48,7,4,0,2,2,2,4,8,4,18,4,2,4,15,5,0,0,0,2,2,6,2,3,1,4,1,5,0,1,0,0,0,6,1
2021-10-08,3212,772,280,43,4,1,15,2,2,5,7,3,5,29,22,221,45,2,3,4,2,5,7,4,12,66,1,2,12,67,60,11,0,1,1,5,7,4,17,1,0,2,35,9,3,7,3,3,3,9,6,4,3,8,0,2,6,2,5,6,11,12,77,13,5,3,1,2,4,4,2,10,19,4,4,6,9,8,1,1,1,0,4,1,1,2,3,3,1,15,1,1,6,0,1,2,0
2021-10-11,3007,646,299,9,1,2,9,0,3,3,8,10,5,27,43,181,38,5,5,0,3,1,7,5,12,40,4,3,5,56,46,1,1,3,0,14,6,2,1,2,4,3,43,3,6,5,3,1,5,12,11,2,1,8,2,1,8,1,4,6,13,10,65,19,6,7,0,2,0,11,5,8,18,4,3,8,23,12,3,1,0,0,2,5,3,1,3,1,0,6,0,5,2,1,0,4,4
2021-10-12,3053,624,253,13,1,5,8,2,1,6,12,10,5,14,26,182,28,2,3,1,9,0,6,10,12,50,2,6,16,61,16,3,6,1,4,5,14,6,4,6,2,3,30,2,11,1,6,3,2,8,17,1,3,5,1,5,4,6,6,0,10,4,53,14,2,5,2,1,0,3,6,5,19,1,2,0,23,10,2,0,1,0,1,7,2,0,4,1,0,11,1,2,4,4,1,2,2
2021-10-13,2949,691,249,23,2,0,11,0,5,11,13,1,9,52,34,205,52,4,2,5,1,12,5,4,7,35,3,2,6,56,32,10,1,1,0,1,3,3,0,3,1,0,38,2,1,7,7,3,5,12,15,2,1,3,1,2,1,1,0,9,10,7,69,14,4,4,0,2,2,1,2,7,15,1,1,3,22,8,1,0,0,2,7,2,1,1,2,1,1,7,0,1,5,6,3,1,1
2021-10-14,2574,481,269,16,0,0,3,2,2,2,2,6,1,26,30,142,26,9,2,0,0,2,3,3,8,22,8,0,5,51,25,4,5,0,1,8,4,1,2,2,2,1,30,2,0,5,4,2,4,4,11,4,0,5,0,3,2,7,3,3,6,6,58,23,2,1,1,3,1,7,3,9,21,2,2,5,22,11,1,2,0,2,5,5,1,5,2,0,0,9,0,0,3,1,3,8,1
2021-10-15,2664,472,212,8,1,0,2,4,3,2,4,16,4,25,12,155,33,4,7,4,1,1,1,9,9,23,5,9,6,56,15,2,6,0,0,5,4,2,0,1,1,1,14,1,2,3,3,1,5,1,13,0,2,4,0,2,3,7,5,1,12,6,47,9,3,1,2,2,0,3,1,3,17,3,0,5,25,9,0,0,0,2,3,3,1,1,1,1,0,6,0,2,0,0,1,1,5
2021-10-18,2670,517,253,28,0,1,0,0,2,8,8,2,5,32,15,176,31,3,0,4,4,3,3,7,7,22,6,4,11,34,24,4,1,1,1,3,5,5,0,5,2,0,19,3,5,5,3,5,8,2,10,0,1,4,0,3,3,1,2,2,40,6,59,15,7,2,0,1,1,2,7,9,14,2,0,5,13,9,2,1,0,1,5,5,1,0,2,2,1,3,3,1,1,0,2,3,2
2021-10-19,2603,493,200,10,3,2,7,2,2,1,9,0,3,31,21,133,45,4,1,2,2,4,15,2,10,28,2,5,5,55,18,8,3,1,0,2,7,2,0,3,2,0,18,1,5,3,5,1,0,10,6,3,1,5,0,4,3,4,0,2,5,7,51,16,7,1,1,3,2,3,5,7,7,4,0,1,16,4,0,0,0,0,1,4,1,2,1,3,0,12,1,2,1,0,3,1,0
2021-10-20,2645,425,279,9,1,2,4,0,1,4,8,6,3,24,19,139,24,5,1,5,0,0,0,2,12,26,1,1,6,33,18,3,2,0,1,1,4,1,0,2,1,1,27,1,1,11,2,1,2,7,12,3,2,4,0,0,7,4,2,2,14,4,65,14,7,2,0,2,0,6,5,6,15,4,2,4,26,16,2,0,8,1,6,4,0,3,0,3,1,5,1,2,2,3,3,3,4
2021-10-21,2417,400,230,14,1,1,2,0,5,2,2,0,2,19,20,136,10,2,2,2,1,0,7,11,6,24,7,2,5,32,18,6,1,1,1,6,7,0,1,6,3,1,12,0,1,2,3,4,4,8,6,2,1,6,2,4,2,6,4,2,14,12,64,19,5,1,3,0,0,2,6,7,7,5,1,0,10,6,1,2,0,1,0,3,1,0,3,1,5,3,2,0,2,3,0,2,4
2021-10-22,2625,549,239,19,3,2,2,0,3,4,7,4,9,28,2,166,38,2,1,4,4,1,9,8,12,24,5,5,11,60,24,1,4,0,0,4,20,6,2,5,5,2,15,0,2,17,1,2,4,2,8,2,3,7,2,0,3,5,4,5,14,8,64,16,2,2,3,1,1,4,2,3,5,1,0,5,14,5,0,1,1,0,3,4,4,3,1,1,1,16,0,2,3,0,2,6,2
2021-10-25,2425,499,243,24,3,0,1,2,3,2,0,3,1,38,39,132,38,4,9,2,1,0,6,1,12,25,5,5,14,31,21,5,0,0,1,3,5,5,1,4,0,0,23,2,2,3,3,6,4,10,10,3,2,5,1,1,1,5,1,1,11,12,57,15,5,4,5,1,0,7,8,5,5,3,1,4,13,7,4,1,1,2,5,5,3,2,4,0,0,12,0,2,2,3,1,2,1
2021-10-26,2531,421,216,17,0,1,7,0,1,1,12,2,4,14,22,146,23,0,1,0,0,1,4,1,3,24,2,4,3,45,19,5,1,0,0,9,4,1,2,1,1,1,20,1,1,3,3,1,3,5,1,0,4,10,0,0,2,6,3,6,14,4,44,15,5,3,0,2,0,1,5,3,11,6,1,1,28,7,1,0,0,3,2,5,0,0,2,1,0,12,0,1,4,1,1,0,1
2021-10-27,2409,431,225,6,4,3,4,1,0,2,8,4,1,21,16,137,17,2,1,3,3,6,4,7,13,17,5,2,12,37,15,3,4,2,2,10,8,0,1,0,2,0,22,2,3,5,4,3,7,2,3,1,1,5,0,1,1,1,2,2,17,11,61,12,3,2,0,3,1,1,3,12,16,2,2,4,8,7,1,1,0,2,1,3,4,2,1,0,2,10,1,2,1,0,0,2,8
2021-10-28,2361,502,164,27,0,4,13,1,0,6,6,1,5,19,23,141,39,1,1,0,3,1,5,8,10,29,3,1,13,50,8,3,2,1,2,8,4,2,1,2,5,2,20,2,2,4,3,2,5,14,5,0,0,1,1,2,1,1,3,3,13,10,42,11,2,0,1,1,0,5,2,5,5,1,2,3,14,1,2,0,0,0,2,1,2,0,1,2,1,13,0,3,1,1,0,0,0
2021-10-29,2551,562,154,26,2,0,12,3,3,1,14,10,4,21,18,170,39,2,3,8,0,2,2,8,8,16,5,7,6,64,15,2,3,1,0,7,6,4,1,6,1,1,28,3,4,8,5,2,6,5,2,3,2,4,0,1,3,1,2,0,8,6,37,11,5,5,3,1,2,4,1,5,13,5,0,2,7,3,2,0,2,0,1,0,1,0,1,2,0,3,1,2,2,0,0,1,0
2021-11-01,2553,483,204,6,0,4,7,1,2,0,8,6,5,29,18,140,27,1,2,4,7,5,6,6,8,21,3,6,9,38,16,3,0,0,3,5,6,6,1,6,1,3,38,3,2,1,3,4,5,8,14,2,1,4,1,3,2,2,1,3,8,12,51,10,1,0,3,1,2,3,1,3,9,2,2,4,11,13,0,3,0,1,4,2,2,3,1,2,0,6,2,2,2,2,2,0,1
2021-11-02,2849,794,214,20,0,4,11,2,4,4,9,4,11,25,22,206,42,10,2,12,5,0,8,15,24,31,5,14,16,82,33,9,7,1,2,16,24,8,4,5,10,1,31,0,9,15,8,5,11,7,16,1,1,2,1,0,0,2,2,0,18,5,50,15,3,1,1,1,0,5,7,6,12,3,1,4,8,7,0,3,0,4,2,3,2,1,1,2,1,7,2,1,1,1,3,2,6
2021-11-04,3499,1116,209,37,2,4,19,4,12,5,11,9,18,40,30,246,75,16,4,16,8,0,17,15,34,77,26,13,27,106,32,9,6,2,12,13,24,12,7,11,17,3,17,1,13,23,9,9,11,14,6,4,0,3,0,3,2,4,1,3,10,3,46,15,2,5,2,0,0,6,4,8,24,1,3,6,8,5,2,2,0,0,2,5,0,2,2,2,0,3,0,0,5,4,1,2,3
2021-11-05,3305,1006,198,33,10,1,8,0,3,16,22,11,7,73,42,230,72,5,3,3,6,10,10,6,24,42,8,4,18,112,53,8,3,4,1,6,14,11,2,7,5,1,43,9,2,19,4,10,6,19,4,2,2,2,0,0,2,3,2,5,3,10,54,8,5,1,2,3,2,3,8,4,12,3,1,4,16,8,1,0,0,1,4,4,1,3,0,0,3,2,0,5,1,2,1,1,0
2021-11-08,3031,745,259,30,1,1,13,1,4,5,24,16,6,37,40,219,45,3,7,1,2,0,3,11,6,78,1,3,11,49,14,3,0,0,0,1,13,0,1,2,2,1,46,6,0,8,1,5,7,13,4,0,1,4,0,2,8,3,2,5,12,4,59,19,7,3,2,1,1,2,10,17,14,2,3,1,20,10,0,1,2,2,1,4,1,2,3,4,3,8,0,2,1,1,4,1,3
2021-11-09,2832,468,241,10,0,0,5,2,2,1,1,4,4,27,27,130,46,5,8,1,0,1,0,0,10,38,5,3,5,42,12,0,1,0,0,4,3,6,2,2,2,0,33,1,5,4,2,1,9,4,3,6,1,2,0,1,8,1,1,2,8,7,69,24,3,1,2,0,0,4,3,5,17,1,2,7,24,4,0,2,1,2,1,3,4,0,4,2,1,9,0,2,2,0,1,1,0
2021-11-10,2669,444,242,9,2,2,2,2,2,4,9,10,1,24,14,151,25,3,6,1,1,1,2,2,4,22,2,3,6,37,14,2,0,3,1,5,9,2,1,3,2,1,36,2,1,0,0,1,4,10,11,0,3,3,1,0,2,6,5,1,21,13,59,24,0,3,5,0,1,2,1,6,6,2,0,4,14,10,0,2,0,0,2,13,1,1,2,1,1,7,0,0,2,0,1,5,1
2021-11-11,2589,404,250,14,0,6,6,3,1,1,3,1,5,21,11,160,14,4,3,0,0,3,7,4,5,12,1,4,6,27,17,7,2,1,0,4,2,3,0,2,0,0,22,1,4,4,2,1,3,7,12,1,1,2,3,0,4,1,2,4,15,6,55,16,2,2,0,2,6,7,4,8,17,3,1,6,17,6,2,2,0,2,1,5,2,0,4,0,2,11,0,1,8,0,4,0,3
2021-11-12,2489,400,254,15,1,0,0,2,1,3,2,1,2,11,32,141,24,2,4,0,0,5,3,2,8,14,3,6,3,38,15,1,3,1,1,8,7,1,1,1,1,2,12,2,4,5,1,1,5,5,12,3,1,0,1,4,2,4,5,1,14,13,67,20,2,5,2,1,0,2,4,8,10,4,0,5,14,7,1,3,1,2,3,4,2,2,4,0,0,13,1,3,0,1,0,0,3
2021-11-15,2625,568,204,14,1,5,4,1,5,2,10,2,6,11,12,151,38,2,5,2,2,1,2,13,19,34,12,4,8,64,20,7,5,2,3,12,18,1,1,1,4,2,27,0,1,4,6,2,9,13,6,4,1,4,3,2,3,3,3,2,10,7,56,7,1,2,1,1,1,6,7,6,13,4,0,6,16,11,1,0,1,2,0,2,2,0,1,0,0,2,0,3,0,0,1,3,0
2021-11-16,2704,735,208,32,2,5,8,5,1,12,11,7,7,11,29,205,31,3,1,11,2,0,5,13,15,26,9,14,6,50,44,9,5,3,1,11,15,11,2,2,14,2,36,1,12,20,6,8,6,6,7,2,1,5,1,2,3,1,1,0,13,14,63,12,6,3,3,0,1,0,5,7,7,4,0,1,13,3,2,0,0,2,6,3,3,2,0,1,0,1,0,3,2,1,0,3,1
2021-11-17,2876,930,175,14,0,1,17,3,1,5,27,7,10,68,59,254,81,8,7,3,2,5,5,10,11,58,1,2,25,99,34,2,1,0,5,5,6,2,3,6,3,1,35,3,5,9,6,1,1,19,3,1,2,3,1,3,2,6,0,2,3,10,40,11,5,3,2,3,3,0,2,6,15,2,1,4,13,5,0,1,1,2,0,2,1,0,1,3,0,2,1,0,3,2,0,1,4
2021-11-18,2706,611,215,13,0,0,11,1,0,0,4,7,5,23,31,222,59,7,6,2,0,3,4,2,5,48,0,0,4,67,15,1,0,0,1,1,6,0,2,3,2,0,32,3,2,4,4,1,1,7,4,2,1,4,0,0,2,2,1,0,11,9,65,17,3,0,0,0,2,7,3,6,10,0,1,2,10,9,1,1,1,0,3,4,2,1,2,1,2,9,0,3,1,2,5,4,2
2021-11-19,2497,466,185,6,2,2,4,1,0,2,10,2,9,33,20,160,20,3,2,3,3,5,5,4,5,15,1,2,9,40,7,2,0,1,2,7,10,1,0,3,4,0,28,6,4,1,6,5,1,8,3,1,0,3,2,4,3,4,0,1,16,5,33,11,3,2,3,2,2,1,5,10,16,3,0,0,21,7,0,0,0,1,1,2,1,0,2,1,0,6,2,1,3,1,1,0,2
2021-11-22,2368,490,194,13,1,1,15,4,3,3,4,3,4,26,27,117,41,2,2,6,1,1,1,6,15,12,8,5,8,55,11,3,1,1,0,2,6,4,1,5,4,0,23,8,3,5,3,4,6,10,6,0,2,5,2,3,3,7,6,2,18,5,50,16,3,2,1,5,0,1,5,8,9,0,0,3,9,3,0,0,0,0,1,3,2,0,1,0,0,2,2,1,3,2,0,0,3
2021-11-24,2302,462,185,17,5,2,1,3,1,3,3,2,3,20,12,157,22,2,5,4,1,3,6,11,4,26,5,2,8,38,15,6,2,0,2,2,10,0,4,2,2,0,18,0,1,8,6,1,3,14,5,0,1,3,1,1,2,4,2,5,5,6,50,8,0,4,2,1,4,3,8,3,17,2,1,3,10,7,0,0,0,0,1,4,0,0,2,1,0,9,1,2,2,3,1,0,1
2021-11-25,2442,535,165,12,0,1,4,0,1,0,7,10,10,9,17,168,38,2,3,1,1,0,2,3,12,29,10,3,16,64,25,4,3,1,1,6,3,4,1,3,4,3,31,5,1,3,3,4,3,4,7,0,0,7,2,0,0,2,0,4,9,6,47,7,6,3,0,1,0,2,1,5,6,1,1,0,11,3,0,1,0,1,6,6,2,1,2,1,0,5,0,0,4,0,3,1,1
2021-11-26,2566,594,212,20,4,2,1,1,1,8,10,6,6,47,29,201,32,5,2,3,3,3,4,0,7,22,1,4,9,55,19,3,2,1,1,5,6,1,0,1,2,0,32,2,2,9,11,1,2,8,1,4,2,7,0,0,4,3,1,0,13,11,55,22,4,4,3,0,1,2,2,5,11,3,2,3,12,4,2,1,0,3,4,3,3,0,1,4,0,3,0,1,4,0,1,2,1
2021-11-29,2413,457,231,18,4,0,5,0,1,1,11,4,4,17,31,161,20,6,1,4,1,1,5,3,5,42,1,2,4,28,22,0,1,1,1,7,5,0,1,2,0,0,14,3,3,2,3,2,2,8,3,1,1,7,1,1,1,5,4,5,12,9,51,17,5,4,1,5,0,5,5,5,11,1,0,4,20,3,3,0,1,0,6,5,3,0,2,1,4,2,0,3,3,2,0,5,4
2021-11-30,2376,365,198,14,0,1,5,0,3,2,4,8,3,28,28,115,27,2,4,2,0,1,1,5,7,5,2,1,9,17,19,2,1,2,0,1,6,1,4,0,3,0,15,1,1,3,0,2,3,6,9,0,1,4,1,0,3,2,9,3,13,8,54,9,4,1,0,0,2,1,4,7,17,2,2,6,8,4,0,0,1,0,0,0,1,0,3,2,1,3,1,2,5,0,1,0,4
2021-12-01,2274,378,181,8,1,0,6,1,0,2,9,4,3,19,18,128,25,3,2,2,3,1,1,8,5,23,3,4,3,38,9,2,1,1,1,2,7,3,1,0,5,1,11,0,3,4,0,1,1,5,12,0,2,1,0,1,0,8,1,3,16,7,43,17,6,0,0,0,0,0,3,7,8,2,1,2,10,5,1,1,0,0,5,4,0,2,1,0,0,7,0,1,3,0,0,1,0
2021-12-02,2552,558,228,21,1,5,8,6,6,2,2,1,6,28,12,131,25,4,3,7,2,1,10,12,21,32,5,3,10,46,24,5,3,4,0,14,3,1,3,5,5,3,32,2,8,6,6,8,6,10,7,1,2,3,0,0,3,1,3,4,5,7,74,14,3,2,3,1,1,2,3,7,15,3,1,5,8,7,2,1,0,1,4,4,1,4,1,1,1,8,1,0,2,1,4,4,3
2021-12-03,3059,796,229,34,1,7,6,1,4,2,21,8,5,18,50,183,56,14,1,0,3,8,6,10,16,32,7,9,6,82,48,5,6,3,5,10,18,12,6,4,5,1,30,4,4,12,7,6,12,8,9,1,2,5,2,1,5,3,2,3,11,12,52,19,2,5,0,2,1,1,2,7,11,1,1,5,15,7,0,0,0,2,4,9,5,2,2,3,0,6,0,3,1,0,2,0,3
2021-12-06,2948,818,208,27,3,4,18,2,1,1,13,5,5,53,36,234,67,6,4,13,4,0,18,9,23,45,12,3,16,60,13,7,13,3,3,8,14,3,2,4,3,3,28,4,2,3,11,1,3,8,6,3,1,1,1,2,1,1,5,2,15,5,52,12,1,1,5,0,0,2,3,6,20,0,2,4,15,3,3,2,1,1,1,7,1,0,0,2,1,9,0,0,5,2,0,1,3
2021-12-07,2940,714,241,16,3,4,14,2,1,6,7,5,7,23,14,235,41,7,5,2,1,5,2,8,13,48,1,4,14,63,41,7,5,0,3,10,8,8,3,2,5,2,22,3,6,11,4,4,8,11,10,3,2,2,1,2,7,2,1,5,8,6,55,10,9,2,3,1,0,3,3,3,22,6,1,7,21,4,0,3,0,1,9,8,0,0,5,0,1,5,0,1,0,4,1,3,1
2021-12-08,2796,634,245,22,2,1,10,1,0,2,17,15,9,27,16,194,56,6,0,1,2,5,4,1,9,23,4,1,9,87,25,7,1,3,1,6,3,1,0,1,4,2,31,2,2,5,2,3,3,6,20,1,3,0,0,1,2,1,4,1,11,9,63,22,3,2,3,1,2,3,4,4,15,4,1,0,11,13,1,0,2,0,1,7,2,3,3,5,0,6,6,2,1,1,1,0,0
2021-12-09,2542,481,263,17,2,0,4,0,0,2,10,1,2,23,16,186,29,5,2,5,2,3,1,6,5,25,3,2,10,34,18,3,0,2,1,1,4,3,3,1,4,0,21,2,1,5,1,1,3,11,14,3,4,3,1,1,3,5,0,7,20,20,47,17,3,4,0,1,0,7,3,5,17,3,3,5,17,9,1,1,3,0,4,5,4,1,0,1,0,7,3,3,2,0,0,5,1
2021-12-10,2647,414,239,12,0,1,10,1,0,5,3,3,1,8,23,126,43,3,1,5,1,1,0,4,8,23,2,3,9,37,19,3,0,3,2,2,1,3,2,2,1,1,16,0,1,2,0,5,1,17,5,4,3,5,1,0,4,7,15,0,13,8,56,17,8,1,5,0,0,2,5,6,10,2,0,4,9,8,1,1,4,3,2,1,1,0,4,1,0,14,1,0,3,2,1,0,2
2021-12-13,2544,402,207,7,0,3,8,1,1,1,9,0,3,23,17,131,17,4,1,2,1,2,6,9,11,13,3,5,6,34,9,1,4,5,3,5,6,1,1,2,6,2,15,1,2,3,4,1,2,7,5,0,0,2,0,0,3,8,3,0,13,9,48,9,2,0,1,1,2,0,5,7,17,4,5,2,14,12,3,1,0,0,2,4,3,0,1,1,0,5,3,4,3,3,2,0,0
2021-12-14,2600,590,197,26,0,3,9,0,7,3,5,6,4,17,14,170,38,5,0,3,1,1,4,5,13,17,7,5,16,48,31,8,2,1,0,10,16,3,6,3,7,0,43,2,1,7,6,4,6,7,6,2,0,2,2,2,4,1,7,3,13,10,59,15,1,1,1,0,0,2,1,8,8,1,2,2,17,6,0,2,1,0,1,2,2,0,1,0,0,2,2,1,3,0,1,1,2
2021-12-15,2658,667,245,26,1,0,4,2,3,7,10,11,4,48,36,217,50,8,3,4,2,7,8,2,6,44,5,3,4,64,22,4,1,0,2,3,6,3,1,2,1,0,11,1,2,5,2,6,4,12,8,0,1,1,0,0,3,1,3,5,15,10,58,12,8,1,2,0,1,8,6,9,16,3,0,5,17,7,2,0,0,0,5,6,2,1,2,2,1,9,0,1,2,4,4,2,2
2021-12-16,2451,430,217,11,1,0,3,2,0,4,9,6,7,27,13,122,26,5,3,0,0,0,2,3,7,26,3,1,6,66,5,1,0,0,1,5,3,1,1,1,1,0,31,7,3,5,1,2,1,8,11,0,1,3,2,2,9,6,8,1,18,6,47,16,7,1,1,0,1,4,2,5,8,1,0,3,10,1,1,2,0,1,4,4,2,0,0,3,0,4,6,1,7,1,1,5,1
2021-12-17,2473,412,250,15,2,0,5,3,0,6,2,5,7,15,16,138,29,2,2,1,2,4,0,3,8,19,5,6,3,24,16,2,1,1,2,8,9,0,3,2,4,2,16,1,6,7,0,2,4,4,5,0,1,4,2,2,3,8,2,9,9,12,57,23,4,2,2,2,1,2,2,6,12,2,1,6,19,6,2,2,1,0,4,9,2,2,1,2,1,7,0,3,4,2,0,1,3
2021-12-20,2409,526,186,20,3,2,1,1,1,1,6,2,8,24,19,146,40,6,3,3,6,0,8,8,6,42,9,5,6,45,11,2,3,0,4,5,9,7,2,4,2,0,18,2,4,4,4,7,4,13,7,0,4,5,2,0,1,6,0,1,11,12,39,6,9,1,2,4,0,5,3,5,12,3,0,3,8,3,1,0,0,1,2,2,0,1,2,0,0,9,0,3,3,3,3,1,3
2021-12-21,2506,546,235,24,1,0,9,0,0,6,17,7,7,30,10,165,36,4,2,0,0,3,5,3,10,32,4,1,17,60,26,7,0,2,2,7,7,2,0,0,0,2,16,3,4,1,0,3,4,7,11,0,1,3,3,1,3,1,6,1,10,8,59,20,10,1,2,0,5,3,5,7,9,1,3,3,11,8,1,0,3,0,7,7,2,1,0,1,1,7,3,1,0,0,1,3,1
2021-12-22,2575,456,265,10,0,1,6,6,3,3,5,12,6,18,30,142,23,2,6,1,1,1,3,7,9,13,3,2,9,34,20,1,0,1,0,4,8,2,1,4,2,3,30,1,3,0,1,8,2,4,8,3,2,3,1,2,8,6,3,7,17,5,60,18,4,3,3,2,1,1,3,12,17,5,2,3,14,8,2,1,1,2,1,5,3,1,4,0,2,6,3,5,1,2,2,1,2
2021-12-23,2573,429,277,18,1,3,7,1,5,4,11,1,3,15,4,123,20,4,0,2,0,1,7,6,11,23,4,3,6,49,16,2,0,2,0,7,3,4,5,4,10,2,21,4,1,2,2,3,4,4,10,1,4,6,1,3,4,6,1,1,9,10,69,13,3,2,5,2,0,6,4,7,24,1,0,2,17,6,1,4,1,1,8,9,3,1,4,0,3,11,0,1,6,1,0,5,1
2021-12-24,2610,638,258,26,1,2,16,3,3,0,11,6,1,37,34,156,40,3,5,10,2,1,8,15,6,25,7,8,5,47,26,10,1,2,1,12,7,9,4,7,9,1,28,1,2,4,10,6,9,11,10,0,2,6,3,2,2,1,2,5,14,11,63,18,2,0,0,1,1,4,6,7,16,0,4,4,19,5,2,1,0,2,2,5,5,1,3,3,0,13,2,3,2,1,1,2,2
2021-12-27,2654,652,263,18,1,0,3,2,3,10,5,10,12,24,20,187,53,9,7,4,4,3,6,4,11,45,6,3,21,77,13,6,1,0,2,4,10,1,1,0,2,4,28,1,3,2,0,4,11,11,16,1,2,1,3,0,18,0,6,2,3,7,59,16,6,1,2,1,2,2,5,8,19,3,1,10,14,6,1,3,0,1,6,5,2,2,5,3,2,5,0,3,3,1,2,3,1
2021-12-28,2199,547,212,8,1,5,9,0,2,8,9,5,9,27,35,158,31,3,4,2,1,5,6,8,5,20,4,4,17,34,30,3,0,1,1,5,5,3,2,3,5,0,32,2,4,12,4,0,3,12,8,3,2,2,1,1,3,7,6,6,8,9,50,11,2,2,1,1,0,2,1,12,9,5,2,2,11,5,0,0,2,2,4,9,0,1,1,2,0,6,1,2,0,3,2,2,3
2022-01-04,2350,529,236,17,1,0,7,0,1,4,17,4,1,17,22,187,37,6,2,1,0,4,7,3,8,23,5,4,10,46,19,1,0,0,1,7,5,0,1,3,4,0,20,1,4,5,2,5,6,10,7,0,2,7,2,5,0,2,4,2,5,8,51,22,6,1,1,0,1,3,7,13,14,2,1,4,14,7,2,4,1,0,4,4,0,3,2,1,1,10,0,1,2,2,1,4,3
2022-01-05,2367,567,224,19,2,7,13,5,2,2,7,1,6,28,16,142,30,9,1,4,5,0,1,9,18,27,10,6,6,48,9,5,1,2,1,13,5,10,4,7,9,7,16,1,4,12,8,4,14,10,8,2,1,3,0,1,2,4,2,1,10,6,61,19,4,3,1,5,0,4,4,3,12,1,0,9,11,5,0,3,1,1,3,4,5,2,0,5,0,8,2,2,4,0,1,0,1
2022-01-06,2860,1014,417,38,0,5,17,0,13,5,9,8,12,66,18,247,59,17,3,17,4,2,9,25,23,63,8,10,17,92,38,10,1,1,4,14,20,5,13,4,10,12,30,4,10,12,8,8,13,10,1,2,1,3,2,0,2,2,0,2,8,11,234,23,3,1,1,0,1,1,2,5,16,6,1,4,19,3,3,0,0,30,1,0,3,1,1,2,0,10,1,0,3,0,3,2,3
2022-01-07,2713,964,204,41,9,4,6,13,2,10,13,5,5,41,12,243,50,6,8,2,13,3,19,9,21,44,7,8,15,98,49,7,5,7,3,12,28,2,2,10,6,1,51,4,7,14,3,8,17,19,9,0,1,5,1,2,4,2,0,10,12,4,34,15,5,2,2,1,2,2,2,8,17,2,5,3,13,5,0,1,0,1,2,4,2,1,4,3,0,8,0,1,3,0,4,0,2
2022-01-11,2627,746,269,24,1,0,4,0,2,13,10,10,7,37,49,161,74,9,6,4,6,4,13,9,9,47,6,1,38,72,30,7,4,4,0,4,6,1,1,1,5,2,40,5,1,7,3,1,2,6,4,0,1,8,2,2,6,4,7,5,13,7,99,8,3,0,1,2,1,4,3,9,14,1,0,4,17,10,1,4,0,1,1,3,1,0,5,2,0,3,4,3,0,0,1,3,2
2022-01-12,3131,809,505,27,3,5,5,9,4,7,22,12,7,30,50,193,41,11,11,8,1,5,4,9,12,43,15,9,7,56,17,6,2,1,6,23,16,5,4,5,9,5,42,1,11,6,5,10,21,8,50,2,63,2,1,0,4,4,4,13,13,3,224,24,2,1,3,0,2,11,1,4,11,2,1,1,14,5,2,0,2,0,5,6,0,1,1,1,1,5,0,2,4,0,1,9,0
2022-01-13,2931,971,519,23,2,2,14,9,7,9,2,3,14,40,33,249,50,7,4,4,3,6,15,15,19,42,12,7,20,104,32,6,2,4,4,20,29,10,7,11,9,3,65,3,3,14,7,6,9,12,9,0,1,3,1,4,3,2,3,0,7,6,130,15,3,23,34,1,87,2,4,1,10,3,0,3,12,3,1,0,0,1,4,2,2,1,75,3,46,6,4,1,1,1,0,0,1
2022-01-14,2880,1042,261,21,7,2,25,0,2,7,15,10,10,47,54,289,106,10,5,12,0,13,5,6,9,38,5,11,12,125,18,7,6,3,0,8,8,10,0,9,2,0,66,6,2,9,6,12,8,16,14,1,1,2,1,3,6,2,3,1,13,6,56,16,4,1,2,45,1,2,5,5,6,1,1,1,17,1,0,3,0,1,2,6,3,0,2,1,1,11,5,1,2,2,1,3,0
2022-01-17,3154,956,586,33,6,2,9,3,4,13,20,10,14,24,38,248,78,2,8,2,5,3,8,8,13,79,2,3,31,121,56,7,5,0,2,11,9,6,4,4,3,2,23,6,2,1,6,0,4,15,7,59,1,5,0,2,3,2,1,11,13,9,68,15,2,2,2,1,0,2,0,6,15,3,45,4,6,9,55,3,0,0,1,1,5,82,4,1,1,10,2,0,118,1,3,3,3
2022-01-18,3469,818,883,28,7,0,10,1,6,5,5,13,7,30,60,220,48,8,3,5,0,2,10,10,12,53,12,1,9,66,59,5,8,1,5,7,9,5,0,9,6,5,28,2,4,7,6,2,6,13,41,0,2,0,1,0,2,2,4,2,4,455,202,19,2,0,0,0,0,3,4,7,23,48,1,3,24,6,5,2,0,0,2,2,1,1,1,0,0,5,3,2,1,0,0,1,2
2022-01-19,3572,657,1076,25,1,3,16,3,0,9,13,3,6,35,23,217,47,10,2,4,10,3,2,5,12,32,5,5,2,46,24,5,1,2,0,3,7,2,2,1,5,1,32,4,2,5,3,4,6,7,2,3,2,4,50,1,2,172,5,3,9,10,60,14,3,0,5,0,2,1,91,219,265,2,2,5,19,9,1,1,1,0,2,6,1,1,4,3,0,9,2,1,0,79,0,3,2
2022-01-20,4373,537,2098,19,6,2,5,1,0,4,3,9,5,17,38,164,37,1,3,4,4,3,3,2,7,32,0,0,31,61,14,5,2,0,2,0,4,1,0,0,3,0,27,1,1,4,2,1,2,7,346,1,2,2,2,1,2,4,4,1,11,16,141,13,5,1,3,2,0,2,1,5,81,1,3,172,660,7,0,48,0,3,134,3,1,0,1,124,0,120,1,1,2,1,0,88,82
2022-01-21,3563,496,1386,22,4,5,5,0,1,1,13,2,4,21,31,166,25,1,0,0,4,0,2,1,8,22,5,1,9,33,10,4,1,0,2,3,8,2,3,2,3,2,43,0,2,8,5,1,4,7,47,1,0,4,0,2,5,4,174,221,12,1,203,336,1,0,0,2,3,3,3,8,8,2,0,0,14,8,2,0,0,0,1,3,69,0,3,2,3,219,16,1,0,1,0,4,0
2022-01-24,2513,560,333,15,2,3,6,2,1,4,8,2,5,32,21,176,27,4,2,7,1,0,8,9,7,35,2,9,16,51,21,9,1,0,1,3,9,2,0,3,5,1,23,1,5,2,1,5,4,9,11,0,0,3,2,61,66,2,5,3,2,12,52,17,3,3,0,3,3,3,3,8,11,1,2,4,18,5,0,1,0,0,0,3,1,0,2,3,0,10,1,0,2,1,1,5,0
2022-01-25,2843,589,667,23,7,2,0,0,1,6,17,5,2,21,13,203,52,3,5,0,0,3,6,1,7,17,5,6,9,63,27,2,1,0,2,1,4,4,1,4,4,0,31,0,2,12,1,3,3,10,6,1,2,2,1,1,1,7,2,2,5,8,254,6,2,0,4,3,0,4,9,6,13,3,2,2,16,8,3,0,0,0,3,271,2,0,1,0,0,6,1,0,4,4,2,0,0
2022-01-26,2870,407,788,9,0,1,4,1,3,2,4,7,3,9,44,136,31,2,1,1,1,1,3,3,2,10,2,2,7,50,15,1,0,1,3,3,5,2,2,3,1,0,16,1,2,1,4,1,3,3,5,1,2,4,0,3,0,3,0,3,7,2,457,12,159,1,3,1,0,0,4,3,11,2,0,1,10,11,1,2,1,0,1,6,0,0,1,1,0,8,0,1,1,0,57,0,3
2022-01-27,2969,446,872,24,2,5,3,3,3,3,6,2,7,8,10,143,30,3,1,5,1,2,1,10,15,16,9,3,3,22,17,5,0,0,4,12,7,1,5,1,6,2,23,0,3,1,4,1,3,8,3,0,0,3,2,0,2,2,1,0,3,3,559,10,1,3,2,1,1,148,5,8,8,3,2,4,11,6,1,2,0,0,5,6,1,1,0,1,0,4,1,53,1,1,1,2,1
2022-01-28,2669,617,426,20,1,4,12,0,1,3,22,6,5,29,0,178,50,3,1,4,7,1,11,8,11,23,6,6,10,60,25,5,6,1,3,7,6,3,0,7,3,6,22,4,4,9,7,4,6,4,13,2,3,4,0,2,3,5,8,1,5,5,39,255,2,2,2,2,2,4,2,2,7,1,1,5,14,2,4,1,0,1,0,2,5,3,0,3,0,3,0,1,3,4,0,2,1
2022-01-31,3173,660,953,21,2,0,10,2,0,2,3,3,4,37,37,191,38,4,5,5,1,5,7,4,9,37,2,4,17,91,26,7,2,2,1,3,8,1,1,0,2,2,37,2,3,2,3,3,1,13,4,0,1,4,0,0,1,3,0,5,450,9,49,12,3,1,1,0,3,3,6,5,8,1,1,1,12,295,1,3,41,0,2,4,4,1,0,4,2,9,0,1,1,0,0,1,1
2022-02-01,2433,475,314,12,3,3,7,1,2,1,7,3,5,15,24,187,24,1,2,2,2,0,1,3,9,19,5,0,4,50,17,3,0,2,1,4,3,5,2,6,3,3,16,2,1,2,5,1,2,5,5,3,4,127,0,1,0,9,2,8,6,3,37,11,3,3,4,1,2,5,2,11,9,0,0,4,12,5,0,2,2,3,0,6,3,0,2,1,3,7,3,1,0,1,1,0,2
2022-02-02,2413,632,190,16,1,4,5,5,4,3,8,3,9,40,23,193,37,5,2,1,4,2,2,8,18,29,9,7,13,53,13,6,5,1,2,12,7,5,2,1,7,2,24,2,6,9,3,5,10,6,9,6,0,2,1,1,2,2,2,3,7,4,37,19,1,1,1,0,1,2,3,8,11,4,0,1,18,10,1,0,0,0,0,7,1,1,3,0,0,4,1,1,7,2,2,1,3
2022-02-03,2532,724,192,33,1,2,16,5,9,1,10,4,15,26,31,188,27,2,7,0,1,0,10,6,18,47,14,5,13,55,37,6,2,4,5,9,13,6,7,3,6,2,35,0,4,12,9,5,8,3,9,0,4,2,1,1,1,2,6,0,11,6,58,15,4,2,2,3,0,0,3,7,12,1,0,3,12,5,0,0,1,1,4,2,0,0,2,3,0,4,0,4,0,0,0,0,1
2022-02-04,2728,873,179,41,6,3,12,1,2,14,13,16,10,46,18,225,61,6,4,10,4,6,8,2,15,46,8,7,18,81,30,8,2,1,1,9,17,6,6,7,7,2,30,4,5,15,9,8,8,14,4,0,1,2,1,1,2,2,3,1,12,5,54,6,1,0,0,0,2,1,3,6,19,0,0,8,10,7,1,1,0,2,2,1,0,0,1,1,0,3,0,5,3,1,2,3,2
2022-02-07,2894,787,231,19,2,3,7,0,3,5,9,3,15,27,80,262,24,7,2,8,0,8,11,5,11,43,1,1,25,81,33,1,0,2,3,3,11,6,2,4,1,0,29,5,3,5,4,1,3,9,5,2,2,5,0,2,5,3,6,6,14,4,56,15,4,3,1,0,2,4,1,7,21,2,0,3,17,7,1,2,0,2,1,6,1,2,3,3,0,2,1,2,3,2,0,3,0
2022-02-08,2364,456,206,11,2,1,1,0,1,6,7,1,3,19,16,150,45,2,1,1,0,0,12,2,2,28,3,2,11,50,16,5,3,0,0,3,6,1,1,3,3,1,13,1,1,4,1,2,6,9,9,0,2,3,0,0,1,2,2,2,9,2,60,10,6,2,2,0,0,5,2,6,19,0,1,3,13,6,1,0,2,2,1,5,2,1,4,1,3,9,2,0,3,1,1,1,0
2022-02-09,2521,508,203,23,4,0,2,0,2,0,7,0,9,30,13,167,37,2,2,9,3,2,3,5,10,13,6,3,6,51,15,2,0,0,0,5,4,7,3,0,3,3,34,3,5,1,3,3,2,6,4,2,1,1,3,2,2,5,5,5,19,10,49,12,6,2,0,0,2,0,4,2,14,2,1,5,10,6,2,1,0,0,2,3,3,0,1,0,0,7,0,1,1,0,4,1,3
2022-02-10,2251,401,178,10,2,3,1,1,1,2,10,5,0,18,23,141,19,5,0,0,0,1,3,3,7,21,3,2,7,36,20,2,0,0,2,4,4,3,1,1,2,1,13,4,2,4,3,3,1,6,3,1,1,1,1,2,3,4,2,2,6,7,44,15,7,1,1,0,0,1,3,4,16,2,0,2,12,4,3,0,0,1,3,4,1,0,2,1,1,8,0,2,1,1,2,0,3
2022-02-14,2233,454,168,8,0,3,3,1,0,5,5,6,1,16,28,160,22,1,2,1,0,5,4,3,8,28,6,2,10,40,14,6,1,0,2,4,8,2,1,5,2,1,20,0,1,6,1,0,4,3,3,1,2,3,1,1,3,1,4,1,8,5,39,12,1,3,0,1,1,4,3,4,6,3,3,5,13,6,1,1,0,1,1,5,0,2,2,2,0,5,2,2,3,1,0,3,0
2022-02-15,2214,431,148,12,4,0,6,0,2,5,11,0,6,20,15,122,29,5,2,2,3,2,6,4,14,16,5,3,7,42,12,5,3,2,0,4,12,1,2,2,2,0,17,2,4,2,3,5,3,6,8,0,0,5,0,0,2,0,1,0,8,3,29,11,3,0,0,2,1,3,1,4,16,1,3,4,13,3,2,1,0,0,1,6,0,0,2,1,0,5,1,1,2,3,1,1,0
2022-02-16,2324,480,174,14,2,1,5,0,2,5,5,6,1,32,22,168,15,5,1,3,2,3,6,4,6,23,2,3,11,47,16,1,3,1,2,2,6,2,2,1,3,0,23,1,2,5,3,2,1,9,6,3,0,2,1,0,5,2,0,1,16,5,38,9,1,1,2,1,1,4,3,3,7,4,0,2,15,8,0,1,1,2,6,1,2,0,2,0,0,9,0,1,2,1,1,5,0
2022-02-17,2242,404,192,4,2,3,3,0,1,1,13,2,2,14,24,158,26,0,1,4,1,2,3,2,12,36,6,0,12,19,12,4,1,1,0,5,8,1,0,0,2,2,9,1,1,1,1,1,1,2,2,2,0,0,0,2,3,2,0,5,7,5,51,15,3,1,3,0,0,5,4,6,10,2,1,3,22,4,1,0,2,3,2,6,3,0,1,2,0,4,0,0,4,3,1,0,2
2022-02-18,2358,482,182,12,4,3,4,2,4,8,6,7,6,8,16,127,44,8,2,0,3,1,1,5,15,14,8,2,1,33,16,2,3,1,4,14,9,2,1,1,6,6,32,2,7,14,5,2,4,6,6,2,0,3,1,1,2,8,3,4,5,9,40,9,6,2,1,0,2,1,0,5,11,0,2,2,15,11,1,0,1,1,0,1,2,1,4,2,0,3,3,1,2,1,0,5,3
2022-02-21,2244,652,141,18,5,6,13,2,2,1,7,10,4,40,22,162,32,6,7,5,0,7,11,13,14,26,8,7,20,59,26,4,2,0,2,9,12,3,1,5,6,1,31,3,4,8,7,11,1,9,4,1,0,1,3,0,0,1,3,4,9,4,31,12,5,0,1,0,0,3,8,5,10,0,0,1,12,6,0,0,1,0,2,2,0,1,1,0,1,4,0,2,1,1,1,0,0
2022-02-22,2419,718,143,28,1,2,6,1,2,6,19,3,9,32,14,226,52,4,4,4,0,5,3,4,14,46,3,3,11,63,23,7,3,2,3,4,14,9,2,8,2,2,28,2,9,5,2,3,7,18,5,0,1,2,0,1,2,5,2,2,7,3,29,8,2,1,1,0,0,0,1,6,11,0,4,3,7,8,0,2,0,1,3,5,4,1,4,0,1,4,0,0,2,0,3,0,2
2022-02-24,2311,651,151,22,1,0,13,1,4,7,3,4,4,34,47,199,37,2,4,4,0,2,5,8,14,35,5,2,13,52,22,4,5,2,0,11,8,3,3,2,4,1,23,2,3,8,7,3,6,10,8,1,0,1,1,1,1,2,2,6,8,13,36,12,2,2,0,0,0,4,1,7,9,0,2,1,11,2,0,0,0,1,3,1,0,0,0,0,0,2,1,1,0,0,2,3,4
2022-02-25,2435,685,186,19,4,1,11,1,1,12,14,4,5,53,17,182,46,8,4,2,5,0,8,11,9,32,5,8,13,60,26,9,3,1,4,9,12,3,2,3,5,1,22,2,5,14,7,8,3,11,9,0,1,1,1,0,3,3,4,2,9,12,56,6,3,0,2,0,2,2,5,4,12,1,0,2,9,9,1,0,1,0,5,2,2,0,1,2,1,4,0,1,2,0,2,3,1
2022-02-28,2417,675,154,15,2,2,4,1,4,4,11,3,6,21,20,252,76,3,3,7,2,9,8,6,7,20,2,3,18,50,27,2,3,0,2,6,6,1,3,0,1,1,34,0,0,7,3,1,8,11,9,0,0,2,2,0,2,2,1,2,7,8,37,6,1,3,1,0,1,1,5,5,11,3,2,2,8,6,0,0,1,0,4,0,0,2,2,2,0,4,0,1,3,5,1,0,2
2022-03-01,2424,521,198,10,1,3,1,0,2,2,10,4,3,12,29,202,24,3,2,0,3,2,0,2,3,44,7,4,9,44,16,4,2,3,1,4,10,3,3,2,5,3,15,1,5,2,4,1,0,10,3,0,0,7,2,2,3,3,3,8,5,7,40,14,1,0,2,2,1,4,5,6,13,4,1,3,12,10,2,1,0,1,7,6,1,1,3,1,1,4,1,4,1,2,1,0,0
2022-03-02,2445,708,202,24,1,2,14,1,8,1,4,4,3,26,30,189,50,5,4,5,0,9,0,12,21,26,17,8,4,62,11,7,6,4,2,20,21,1,4,5,13,5,27,1,4,11,10,9,14,3,1,1,0,3,3,2,3,2,1,2,5,11,46,13,1,3,1,1,0,3,2,7,9,4,1,5,16,9,2,1,1,2,4,2,10,0,5,2,2,5,2,1,5,0,0,3,0
2022-03-03,2491,888,157,32,3,7,6,13,14,8,8,6,21,14,24,256,42,10,4,6,11,6,11,18,33,61,20,7,12,27,26,5,5,2,13,20,23,3,3,4,14,1,24,5,14,19,9,3,13,2,2,3,1,2,3,1,1,2,1,1,2,4,40,21,0,1,2,0,2,6,3,5,12,2,2,3,11,3,0,1,1,1,2,4,0,0,0,1,0,6,0,2,0,1,0,1,1
2022-03-04,3089,1177,179,30,4,4,18,1,3,22,17,18,17,79,80,267,64,11,8,13,3,6,18,14,13,61,4,9,29,110,53,5,1,1,2,11,8,13,4,7,3,4,74,7,10,7,6,6,9,23,1,0,1,6,1,1,3,2,6,1,3,3,50,12,7,2,2,0,1,5,2,6,12,2,2,1,13,3,0,2,0,2,0,3,5,1,1,1,3,2,1,1,4,2,1,0,2
2022-03-07,2788,844,173,22,7,3,11,2,1,5,17,5,7,34,20,248,63,2,4,7,2,3,10,8,7,68,3,4,26,108,15,6,3,0,1,2,17,1,1,4,8,2,49,6,3,5,2,2,5,15,5,1,4,1,0,3,3,5,1,2,12,3,37,10,1,0,3,0,2,2,5,9,15,0,3,0,10,8,0,0,0,0,2,5,1,0,3,0,0,7,3,0,2,2,1,1,1
2022-03-08,2674,688,201,32,10,0,8,1,3,7,19,2,4,33,20,202,55,1,3,3,2,2,13,6,15,23,1,6,27,78,11,4,3,2,0,6,8,3,3,3,1,1,33,2,3,6,2,1,4,16,9,0,0,6,1,0,2,3,1,1,11,8,55,18,5,1,4,2,1,6,5,3,8,5,1,4,9,10,0,2,0,1,3,1,1,0,1,1,0,5,0,2,1,0,0,2,2
2022-03-09,2644,517,201,20,0,0,6,1,1,3,7,10,3,30,22,185,30,0,1,1,2,4,4,2,4,22,5,4,3,44,34,1,0,1,2,3,4,2,0,3,1,1,23,0,4,4,5,3,6,5,3,1,1,2,1,1,2,1,5,4,7,7,59,21,0,0,0,2,0,6,1,4,15,1,4,2,5,10,3,0,0,1,0,7,0,0,1,1,1,8,0,2,5,0,3,3,1
2022-03-10,2359,441,175,26,2,4,5,0,1,4,10,0,3,11,16,130,23,4,0,3,2,0,9,5,6,26,4,5,20,30,22,4,1,1,2,6,10,1,4,5,4,1,17,3,5,2,2,0,1,1,2,3,2,3,0,1,2,3,0,1,7,3,42,18,1,0,0,0,0,2,2,3,12,5,1,4,13,13,1,0,1,2,1,5,4,1,2,1,0,7,1,0,4,1,0,0,1
2022-03-11,2201,477,142,25,1,3,5,3,0,0,11,9,12,17,13,153,18,5,1,2,1,4,5,2,15,19,2,0,6,46,15,2,1,1,0,4,11,1,3,1,2,1,20,4,3,11,3,1,7,8,7,0,0,1,0,2,3,4,0,1,9,5,42,10,2,0,0,2,0,4,1,3,10,1,1,1,13,5,0,0,1,1,2,3,2,0,0,3,0,1,0,0,0,1,0,1,0
2022-03-14,2319,482,182,14,1,0,7,2,0,2,12,1,4,22,32,174,37,1,5,1,1,3,5,5,7,12,3,3,12,28,16,1,2,1,2,5,5,4,1,1,2,1,20,0,3,6,3,2,2,10,6,0,0,4,1,1,2,5,2,1,15,6,54,8,9,0,0,1,0,1,4,6,12,1,0,2,14,4,0,2,0,0,2,1,2,0,1,1,0,6,0,2,1,1,1,1,2
2022-03-15,2208,456,134,24,2,4,11,2,1,4,8,3,8,16,19,144,20,6,0,0,0,0,4,3,13,24,8,3,4,33,14,2,1,2,2,11,11,1,2,1,2,3,22,3,4,1,3,3,3,1,2,1,3,2,1,0,3,1,2,2,2,4,32,4,3,4,2,0,0,1,1,4,13,0,0,3,13,5,0,2,0,1,2,2,1,0,1,0,0,8,0,1,1,3,1,3,0
2022-03-16,2140,577,138,18,1,5,8,2,2,0,9,8,9,25,12,179,42,4,3,1,3,6,11,7,12,34,5,1,8,28,22,5,6,1,1,6,7,2,5,3,4,0,35,1,1,5,5,4,11,4,7,1,1,0,0,2,2,4,3,1,3,4,35,12,1,1,1,0,1,4,3,3,10,2,1,2,15,4,0,0,0,0,1,0,0,1,0,3,0,3,1,2,1,0,1,1,1
2022-03-17,2237,604,170,8,3,1,4,0,1,5,12,5,5,24,26,224,22,3,1,4,3,0,5,3,7,38,5,4,10,73,26,2,3,2,2,2,2,5,2,2,1,1,25,4,3,6,2,3,4,11,8,0,0,3,2,1,3,1,2,5,9,2,51,11,4,1,2,0,0,4,3,4,12,2,1,2,13,5,1,1,0,2,1,2,2,1,0,1,0,5,0,1,2,0,0,0,0
2022-03-18,2230,533,159,19,4,3,2,0,2,5,9,4,5,24,21,169,36,2,3,2,3,3,0,3,8,25,2,2,8,71,17,3,2,0,0,2,5,3,0,1,6,0,19,2,1,13,3,3,3,15,5,0,1,3,0,0,0,3,2,1,7,10,42,9,3,1,0,3,0,2,2,3,15,3,1,4,17,4,0,0,0,1,1,2,3,0,0,0,1,4,0,0,2,2,1,1,0
2022-03-22,1864,491,122,12,2,1,2,2,2,0,4,9,7,27,25,142,35,5,3,7,3,2,2,10,6,27,9,1,11,36,21,2,0,1,2,7,5,0,1,2,2,4,30,0,5,8,1,2,1,5,9,0,0,1,1,1,0,1,3,0,7,5,31,10,2,2,1,0,1,2,4,3,3,1,1,3,9,3,1,0,0,0,3,3,0,0,1,2,0,3,1,0,0,0,1,0,3
2022-03-23,2291,582,149,20,3,3,2,0,1,3,10,8,5,10,24,181,33,4,5,2,4,3,8,6,8,34,4,7,11,43,38,4,5,1,1,4,7,7,3,3,2,1,31,1,4,6,5,3,5,9,3,1,4,0,1,0,1,10,2,3,8,3,35,7,4,1,0,0,1,2,2,3,7,4,1,1,13,3,2,0,1,3,1,1,2,1,1,0,3,5,0,5,1,1,0,2,0
2022-03-24,2306,567,170,29,3,3,8,1,2,8,5,3,0,27,22,188,46,3,0,6,4,2,1,6,7,23,4,4,21,60,9,2,0,2,1,2,5,2,3,1,1,0,33,1,3,4,4,2,5,0,8,1,0,0,0,6,3,3,1,5,7,8,32,9,0,1,1,0,1,6,1,5,6,1,0,3,11,7,0,0,1,1,7,3,3,0,2,2,1,11,7,1,1,0,1,3,0
2022-03-25,2453,513,175,10,3,2,5,2,2,1,11,5,7,31,21,178,37,1,2,2,3,3,5,7,7,20,2,1,3,35,17,4,2,2,0,13,4,1,0,5,4,1,24,1,4,1,5,0,5,14,6,0,1,3,1,1,3,3,1,2,5,9,62,11,1,1,1,0,1,3,2,3,8,3,1,4,12,2,2,1,1,0,0,3,1,0,2,0,0,6,0,0,3,0,2,3,1
2022-03-28,2135,528,162,22,2,1,11,1,3,1,9,3,3,27,8,185,23,1,2,3,2,2,4,4,12,20,5,3,8,65,19,2,1,0,0,6,11,3,0,1,6,0,16,0,4,12,2,3,3,6,5,1,1,3,0,0,3,2,1,0,10,4,38,10,4,3,2,1,0,1,2,6,8,4,3,4,18,3,0,0,0,1,2,3,1,1,2,0,0,4,0,3,2,1,1,3,1
2022-03-29,1964,429,157,4,2,1,3,3,0,1,7,9,2,20,21,149,38,6,2,1,2,0,2,5,8,24,5,2,9,52,13,1,0,1,1,1,4,1,0,3,0,1,16,1,1,0,3,1,0,3,1,0,1,3,1,2,3,1,0,3,3,0,37,13,1,1,1,0,0,3,4,10,5,3,2,2,11,7,3,0,0,1,2,3,4,1,3,4,0,8,1,2,1,2,0,1,3
2022-03-30,2186,419,180,18,1,0,1,1,1,0,6,8,4,27,36,121,30,2,2,1,0,1,5,2,6,21,0,6,9,31,11,2,0,1,0,4,1,0,2,1,1,3,27,1,0,4,2,6,3,5,14,2,0,2,0,0,3,5,2,1,10,4,48,11,3,1,0,3,1,3,3,5,8,4,1,1,8,5,3,1,0,0,2,5,2,0,3,1,1,5,0,2,2,1,1,2,1
2022-03-31,2152,401,178,12,2,4,3,2,1,3,11,2,7,11,13,119,30,3,3,0,2,1,8,6,6,16,3,6,11,31,12,3,2,0,1,6,6,3,2,2,5,4,16,1,1,2,7,2,4,4,5,0,0,4,2,1,18,4,3,3,4,6,27,9,3,1,9,1,1,2,3,3,3,0,3,2,15,9,1,0,0,5,1,1,5,1,2,1,0,8,0,4,1,0,0,6,1
2022-04-01,2148,468,182,17,0,2,3,3,3,3,5,5,4,30,15,138,23,2,3,2,5,1,6,7,13,32,3,1,5,40,21,5,2,1,2,3,13,2,2,3,2,2,14,2,1,3,3,3,2,4,8,0,2,0,0,0,3,2,6,1,6,11,47,13,1,3,3,0,0,2,3,9,10,2,1,2,13,5,2,3,0,0,3,5,2,4,1,1,1,2,0,1,0,2,0,1,1
2022-04-04,1881,516,136,16,0,9,14,0,3,0,7,0,13,6,15,122,40,1,0,3,0,4,5,16,24,34,0,6,7,24,18,0,2,0,1,28,12,0,2,0,24,1,33,1,2,4,2,4,11,2,1,1,1,1,0,0,4,0,3,0,1,6,33,11,0,0,1,0,0,2,5,4,18,1,0,2,8,4,0,0,0,1,3,3,2,0,0,1,0,8,1,1,2,0,4,2,1
2022-04-05,2459,850,151,27,3,5,7,2,11,13,8,9,0,32,27,213,40,10,2,18,2,5,12,18,28,50,6,3,5,93,40,3,5,1,1,10,26,8,2,1,11,1,37,4,13,6,5,8,18,1,4,0,2,2,2,1,3,1,1,3,2,3,36,9,2,0,0,0,1,1,4,4,7,1,0,0,17,10,2,1,0,2,7,0,8,0,0,0,1,8,2,1,1,2,0,0,0
2022-04-06,3006,1169,162,21,2,4,26,1,5,20,24,7,18,64,30,265,94,12,7,12,8,10,18,22,26,31,6,7,24,139,40,7,6,3,6,12,27,9,10,2,13,1,40,12,15,22,8,9,13,11,3,0,2,2,1,2,2,3,2,1,6,4,37,7,6,1,2,4,1,1,3,6,12,1,0,2,14,3,0,0,0,1,6,2,1,1,1,1,0,11,1,2,1,2,0,2,2
2022-04-07,2743,1005,167,34,8,2,8,11,1,9,7,20,7,41,31,225,53,11,5,4,3,7,5,19,32,67,5,27,6,155,45,7,0,1,0,15,19,8,6,2,8,4,38,4,3,15,6,8,10,3,9,0,4,2,0,0,2,4,6,1,7,4,34,14,3,0,1,1,0,3,3,8,7,0,2,1,12,3,0,0,0,3,0,6,2,2,2,0,2,7,2,2,3,1,1,2,1
2022-04-08,3167,928,222,42,10,3,12,5,1,2,13,6,13,42,52,246,53,19,8,2,4,3,10,8,21,56,10,11,22,87,33,5,5,2,3,8,1,6,6,10,1,1,39,5,4,6,5,5,7,10,10,2,4,1,1,0,4,2,4,2,9,4,58,13,3,0,1,2,2,5,4,8,5,3,4,2,24,12,0,1,0,6,4,5,1,0,0,2,0,6,1,1,0,4,0,2,0
2022-04-11,3273,966,207,13,7,3,14,8,4,12,18,11,14,43,42,316,73,4,3,3,5,3,6,1,13,65,44,5,27,64,21,4,1,0,3,4,6,4,1,9,4,4,22,4,3,9,3,7,4,32,7,1,1,1,1,3,2,5,2,1,7,8,53,14,6,2,3,0,0,2,2,2,9,6,0,4,16,12,1,0,0,2,1,8,1,2,5,1,0,6,2,3,2,0,3,0,0
2022-04-12,3054,651,260,24,1,3,9,5,3,3,10,6,2,22,43,182,37,10,3,5,1,4,8,3,13,24,7,1,26,47,26,6,3,2,2,8,7,1,1,6,3,3,28,4,9,17,6,6,1,10,7,5,3,3,1,3,3,2,3,2,14,9,63,16,4,1,0,3,3,2,3,4,11,2,3,5,18,4,2,4,1,1,6,12,1,6,4,1,1,10,1,2,1,3,1,5,1
2022-04-13,2904,661,249,38,1,2,5,4,0,4,12,9,2,17,16,204,54,3,5,3,1,2,5,3,10,26,2,9,16,83,16,4,2,1,1,5,10,4,6,3,4,1,30,5,3,9,3,5,3,10,5,5,2,4,1,2,5,8,7,3,7,10,65,12,7,2,3,2,0,1,3,8,15,0,5,4,21,7,1,2,0,4,3,6,1,0,1,2,3,4,1,1,1,0,0,5,0
2022-04-14,2452,506,208,30,4,0,2,4,2,2,2,4,1,27,10,145,44,8,1,2,6,2,3,5,8,32,10,2,17,37,20,3,0,3,3,5,4,2,0,2,4,1,25,0,0,5,3,0,4,12,13,1,0,2,1,0,5,7,2,1,4,4,60,9,5,0,1,1,1,4,1,10,16,2,0,1,12,4,2,3,2,2,2,5,3,1,1,1,0,7,1,3,2,3,1,2,0
2022-04-15,2613,487,221,21,5,3,9,0,2,8,4,8,1,8,15,149,33,2,5,1,3,2,9,3,4,22,3,4,7,48,21,3,4,2,0,6,4,3,2,2,2,4,29,1,1,5,2,2,2,13,2,0,0,1,2,1,1,6,3,5,7,7,71,12,3,1,0,0,2,2,3,3,13,2,1,7,23,5,0,1,1,0,2,6,0,0,2,3,3,10,0,2,4,2,0,1,1
2022-04-18,2939,485,302,23,1,2,5,1,2,3,5,6,6,45,13,114,31,5,1,3,2,3,2,5,12,38,3,1,9,34,27,4,2,1,0,10,11,3,5,3,3,1,16,1,4,1,1,1,7,9,4,3,1,4,2,0,8,13,5,1,16,19,67,16,4,1,0,1,3,1,2,18,21,3,2,7,18,14,1,5,2,2,5,1,3,0,1,3,1,13,1,2,3,2,1,1,1
2022-04-19,2629,560,199,24,1,3,7,4,2,1,14,9,6,15,25,184,16,5,1,4,5,3,4,11,15,30,1,6,4,51,9,0,1,4,2,6,7,3,1,1,10,2,26,4,2,4,7,6,2,12,4,0,1,0,0,2,1,2,1,2,7,3,49,13,4,1,0,3,1,4,2,7,15,5,0,0,17,11,0,2,0,3,4,2,1,0,5,3,1,5,0,3,5,3,2,2,3
2022-04-20,2643,700,186,17,5,3,10,7,1,3,4,13,4,39,18,201,58,4,8,0,1,6,15,6,12,7,8,4,30,69,21,10,7,1,1,10,5,2,5,5,7,1,41,4,3,1,5,2,4,9,7,0,1,4,1,1,4,1,3,2,4,13,51,6,2,2,1,3,2,2,3,3,6,1,0,4,14,5,2,1,2,0,4,7,0,1,2,1,1,7,1,1,2,1,2,2,3
2022-04-21,2597,616,192,14,1,2,5,1,2,3,12,1,10,15,27,169,37,4,4,5,2,0,5,2,5,64,10,5,10,76,20,5,1,1,1,5,10,2,1,2,4,1,30,4,0,16,2,4,8,8,7,1,2,1,3,0,4,8,5,2,8,5,51,12,3,1,0,2,1,4,0,7,7,0,4,0,19,4,2,0,1,0,2,5,1,0,1,1,0,11,0,3,1,0,1,1,1
2022-04-22,2724,550,187,34,2,0,5,1,6,3,5,4,6,29,21,149,44,4,2,2,8,3,5,6,10,26,4,5,13,34,13,2,4,3,1,8,12,14,0,0,4,1,26,2,2,6,3,2,4,12,2,0,1,5,0,0,4,3,0,2,7,11,45,14,4,0,4,0,0,2,3,7,14,1,1,4,15,2,1,2,1,1,2,4,0,2,0,3,0,8,4,2,2,0,2,1,1
2022-04-25,2713,646,221,24,0,0,4,2,2,1,8,14,2,32,9,176,40,7,6,2,3,3,10,11,12,37,3,2,18,91,16,4,3,0,2,10,6,7,1,3,6,2,29,3,7,8,1,2,7,10,5,3,0,5,0,3,1,8,3,10,10,1,57,13,5,3,1,1,0,2,3,3,25,0,0,1,17,5,2,0,1,0,0,6,3,0,2,2,2,8,3,1,2,0,0,3,1
2022-04-26,2768,585,222,10,1,1,2,0,2,7,5,3,7,41,29,182,29,3,2,3,6,2,1,3,1,30,5,3,15,59,45,3,3,2,0,8,3,3,0,1,3,2,32,5,3,4,3,1,3,9,7,4,1,3,4,1,3,1,3,0,12,8,45,23,2,2,6,0,0,2,0,6,19,0,0,4,14,10,1,4,2,0,1,4,2,1,1,2,3,9,2,1,4,2,0,1,2
2022-04-27,2886,547,243,9,10,0,14,1,2,10,15,6,8,22,28,146,34,3,2,3,1,2,3,3,6,33,6,3,18,42,22,1,1,2,1,3,12,5,1,1,1,2,22,4,1,5,10,2,6,15,8,0,0,6,1,0,2,1,0,2,5,11,43,18,12,3,1,4,0,1,0,2,19,1,1,9,30,9,1,5,1,0,1,4,6,2,5,3,1,13,2,1,3,1,1,3,1
2022-04-28,2621,519,202,17,6,1,5,1,1,3,5,9,2,28,22,168,34,2,2,7,4,1,3,4,8,24,6,2,8,42,26,2,4,2,0,7,7,3,1,3,0,2,16,0,5,4,3,2,5,8,9,1,2,3,1,2,5,2,4,1,7,10,42,14,1,0,0,4,2,2,1,8,19,2,5,7,13,6,1,1,3,2,2,3,0,0,1,0,1,6,1,0,4,0,2,1,1
2022-05-02,2659,499,174,14,3,1,7,1,1,2,11,3,0,10,14,159,35,4,4,1,0,4,5,3,9,35,5,3,9,58,14,0,0,3,2,3,8,3,0,0,2,1,23,3,1,6,5,4,3,17,4,2,1,0,0,0,5,2,6,0,5,6,52,9,2,2,2,2,1,5,3,2,19,6,0,0,9,1,1,0,3,0,1,2,2,2,2,0,1,4,0,1,4,1,1,3,0
2022-05-06,2543,678,128,7,0,4,5,4,4,3,11,9,5,30,7,213,40,8,5,0,4,1,3,19,26,25,3,6,18,60,14,4,7,1,3,21,14,0,7,6,9,1,31,3,9,12,3,3,5,5,4,1,0,3,0,1,1,0,3,1,3,2,26,6,1,3,0,3,0,0,4,7,12,1,0,2,14,5,0,0,2,2,1,3,1,0,2,4,0,4,0,1,4,0,1,0,0
2022-05-09,2627,895,160,23,2,8,15,2,2,10,11,7,11,5,31,224,59,1,6,6,3,0,5,20,24,24,0,4,16,111,33,5,10,1,2,19,18,0,6,8,15,2,52,6,12,14,10,7,16,25,8,1,0,1,2,4,1,2,2,1,4,7,36,9,1,4,2,5,0,3,3,6,9,0,5,1,6,8,0,0,1,3,5,3,1,0,1,1,0,4,0,2,0,0,2,5,1
2022-05-10,3285,1246,212,26,3,3,16,5,4,2,18,16,13,86,56,323,64,18,2,9,5,2,22,5,12,82,16,19,19,153,40,6,3,3,6,2,24,7,6,3,8,4,49,12,10,16,14,11,18,5,9,1,0,5,2,0,2,2,2,6,4,3,41,16,2,1,0,2,1,1,5,4,23,3,4,5,17,5,2,0,2,0,3,2,1,0,5,5,1,7,1,11,1,0,0,3,2
2022-05-11,3176,925,236,16,7,1,14,4,1,18,19,14,2,55,54,281,81,9,0,2,11,2,13,4,12,44,13,1,13,93,25,11,2,5,1,5,20,8,3,4,2,2,23,8,3,9,2,3,2,3,24,0,3,3,0,3,3,3,2,2,5,10,44,6,5,4,6,3,2,2,5,8,11,4,1,5,24,11,0,2,1,0,0,3,2,3,4,3,2,5,2,0,2,1,4,3,0
2022-05-12,2703,618,187,25,9,6,2,0,3,4,4,4,14,23,43,171,39,2,0,2,1,8,8,7,11,40,5,3,17,48,29,7,3,1,0,6,6,11,0,7,2,1,26,1,2,9,1,1,3,3,2,1,0,7,2,1,4,6,2,2,4,7,49,16,6,1,1,4,0,4,1,7,12,2,0,3,16,6,3,1,1,0,2,4,1,1,2,2,0,2,1,0,0,0,0,1,0
2022-05-13,2717,565,212,40,4,2,7,2,1,4,5,1,11,18,35,161,34,6,0,4,6,6,9,3,9,15,11,4,17,32,23,5,0,2,2,4,12,3,2,3,4,5,21,3,0,7,3,3,6,5,4,2,0,3,2,0,1,5,6,4,16,12,43,13,2,0,1,3,2,2,3,2,7,6,2,6,25,3,2,1,0,0,2,4,1,1,2,2,0,9,1,3,4,0,2,1,2
2022-05-16,2774,471,181,31,0,0,1,0,1,3,7,8,5,32,10,121,21,0,3,3,1,5,1,4,9,28,1,6,12,39,30,9,2,0,0,1,7,6,1,2,1,3,27,2,2,5,0,1,4,15,4,2,1,7,1,1,1,5,1,2,3,10,51,9,1,3,3,3,1,2,0,6,16,5,0,2,7,7,2,0,0,1,3,4,2,0,3,0,1,4,1,0,2,3,0,1,0
2022-05-17,2440,385,207,28,6,2,3,0,4,2,4,5,0,9,33,113,19,2,0,5,1,1,3,0,4,17,4,2,8,35,5,1,0,1,2,4,4,1,1,1,1,1,18,0,2,4,2,1,5,21,7,0,0,1,2,0,2,2,0,9,15,12,48,17,1,2,4,3,3,2,5,4,10,3,5,1,17,8,0,0,2,0,1,3,1,0,1,0,0,5,0,3,1,3,0,3,1
2022-05-18,2661,466,195,16,2,0,6,0,1,2,5,9,11,21,17,113,22,2,4,4,4,2,6,5,4,42,3,4,10,63,14,3,1,0,1,3,5,7,2,1,3,2,15,1,2,9,4,1,4,8,9,0,1,3,4,1,0,1,1,10,3,7,53,12,5,2,2,0,0,2,1,7,8,1,2,2,13,9,0,0,0,2,4,4,2,0,2,3,0,5,0,1,7,1,0,3,2
2022-05-19,2399,386,178,28,0,0,3,1,0,2,6,0,1,6,13,129,28,6,1,4,1,3,2,0,2,7,4,2,2,31,20,4,0,1,1,2,4,1,0,1,5,3,34,2,1,2,3,4,4,12,10,0,1,2,1,2,4,1,3,0,7,6,46,15,2,0,1,1,0,4,1,3,11,4,1,2,15,4,0,0,1,2,4,1,0,0,2,2,1,5,2,0,1,1,1,2,5
2022-05-20,2329,469,151,24,2,0,4,2,1,2,8,7,8,26,19,197,19,0,1,4,2,3,3,4,2,7,2,5,6,46,7,3,0,1,0,3,4,2,1,1,1,0,14,0,3,2,4,3,3,11,5,1,0,3,1,1,1,1,1,3,6,12,53,6,1,2,0,0,0,0,1,2,13,4,2,3,7,3,0,0,1,0,1,2,2,0,2,2,0,1,0,1,1,1,2,2,1
2022-05-23,2348,423,173,27,1,2,6,3,4,2,4,1,0,17,14,119,32,0,0,5,4,1,9,2,14,26,2,6,8,35,12,1,1,1,1,8,10,0,1,0,4,2,16,0,3,4,4,1,6,4,9,1,1,3,0,1,2,4,1,0,6,5,57,14,0,0,2,2,2,2,2,4,9,3,0,2,7,2,2,1,0,1,2,2,2,0,0,0,0,5,3,2,4,4,3,1,0
2022-05-24,2628,572,181,13,3,2,11,3,4,9,4,5,3,25,15,157,28,5,10,5,1,3,4,4,14,19,7,3,6,75,18,6,5,0,2,4,5,10,1,7,6,4,40,4,2,4,3,4,3,6,13,0,2,2,2,0,0,2,4,4,6,8,48,6,3,1,3,1,0,0,1,5,11,1,0,2,10,11,1,0,2,0,4,11,0,1,1,0,1,5,0,1,1,1,3,2,1
2022-05-25,2398,542,141,26,4,0,5,2,2,3,12,9,1,40,35,178,28,1,0,3,1,2,6,3,9,13,5,1,16,46,23,7,1,2,1,4,4,6,1,3,2,2,18,1,6,2,1,1,2,4,9,1,1,5,1,3,2,2,1,3,4,2,35,9,1,0,1,0,0,5,1,4,7,3,0,2,13,5,0,0,1,1,3,0,1,0,1,0,1,5,2,0,2,0,2,1,1
2022-05-26,2032,450,118,14,1,0,3,2,3,1,9,1,3,23,24,168,36,6,1,0,1,1,1,5,4,37,2,2,2,30,10,3,4,1,1,1,3,2,0,4,3,1,21,1,3,4,3,2,0,3,2,0,0,2,1,2,1,0,0,0,5,4,28,16,2,0,1,1,0,2,2,2,10,1,0,2,15,2,0,0,0,1,2,3,0,2,0,1,0,3,0,0,1,0,0,1,2
2022-05-27,2388,489,142,14,3,0,6,4,1,2,2,9,4,9,28,146,30,1,1,0,2,1,2,6,13,17,5,3,10,63,14,1,4,1,0,11,11,1,2,1,6,0,29,1,5,4,5,1,7,3,4,1,1,2,0,1,1,1,2,2,6,4,43,8,2,2,0,0,2,0,3,3,13,2,0,4,5,5,2,0,0,1,4,2,1,0,3,1,1,5,0,0,2,1,1,0,1
2022-05-30,2278,509,148,14,1,3,9,2,2,2,11,3,4,8,9,155,36,1,3,9,3,2,8,8,15,22,6,0,9,47,21,2,1,0,0,11,9,7,1,7,4,0,15,2,3,8,4,1,5,16,4,0,1,1,1,0,2,4,1,2,5,4,51,7,3,2,1,3,0,5,2,4,11,2,0,5,1,8,2,1,0,1,0,2,1,2,0,0,0,4,0,2,1,0,0,2,0
2022-05-31,2285,545,148,8,2,4,5,2,2,12,5,7,2,29,25,174,39,10,1,3,1,5,4,2,4,26,10,11,12,46,18,9,3,0,1,1,5,0,2,1,3,3,23,1,2,5,1,8,3,5,6,2,1,2,0,0,1,4,1,1,4,1,43,12,1,1,2,0,1,7,3,6,8,5,1,0,15,5,0,1,0,1,0,0,0,1,2,0,0,3,0,1,3,1,1,0,1
2022-06-01,2381,609,159,12,4,2,3,1,4,6,9,9,9,29,31,179,26,2,1,8,1,3,5,7,13,42,8,6,13,59,24,6,0,9,0,8,7,6,1,5,2,0,14,2,3,4,4,1,9,9,6,1,0,3,1,1,4,1,0,2,6,2,38,10,3,1,1,0,0,3,1,5,6,1,2,4,15,10,0,1,0,0,3,6,2,1,3,2,0,8,1,0,1,0,0,3,1
2022-06-02,2572,615,170,12,1,7,5,2,2,3,7,0,12,26,19,168,55,3,0,4,1,0,3,8,25,30,4,0,16,77,13,3,3,0,0,8,19,4,6,1,10,1,10,1,6,13,3,3,13,8,2,1,0,1,0,2,4,4,4,3,5,10,39,14,2,1,2,0,1,5,4,11,11,0,1,2,8,7,0,0,1,0,4,4,1,0,0,1,0,5,1,4,0,0,0,2,3
2022-06-03,3001,889,201,22,5,2,14,11,4,7,9,12,3,22,23,187,41,19,6,16,3,12,9,12,44,53,3,7,18,91,29,5,7,2,6,11,21,10,8,3,12,0,50,4,9,11,7,15,19,5,5,1,1,0,0,0,0,3,0,4,4,5,56,17,1,1,2,1,0,5,0,11,15,5,1,2,18,1,0,2,1,1,6,4,4,0,2,1,1,5,4,1,1,5,0,3,1
2022-06-06,2863,819,193,28,0,3,9,3,5,5,13,8,20,57,37,194,59,13,12,5,2,1,13,8,22,46,14,10,14,72,31,5,3,4,4,6,7,3,0,5,0,2,35,6,7,5,7,3,3,7,30,2,1,0,1,0,1,2,2,3,3,5,51,7,3,2,2,1,0,2,4,6,20,1,3,2,13,6,2,0,3,0,4,1,0,1,0,0,0,1,0,0,4,1,1,2,0
2022-06-07,2751,704,185,24,12,2,6,2,4,11,6,12,5,38,55,248,38,3,6,0,1,1,4,3,11,14,12,4,10,33,16,11,3,2,0,2,5,8,0,1,1,5,44,3,2,7,2,2,4,21,3,0,3,3,1,2,2,2,5,1,7,5,50,12,2,1,1,1,0,2,5,4,13,1,2,5,14,3,2,3,0,1,1,5,1,1,2,4,0,3,0,1,4,2,1,1,2
2022-06-08,2637,592,175,18,5,1,5,1,3,4,19,7,3,18,26,170,29,7,3,2,0,3,2,3,9,54,3,3,12,50,36,2,1,6,1,0,17,3,1,0,0,9,26,2,1,9,6,4,3,5,9,1,0,2,1,3,2,0,2,1,9,6,50,9,1,0,3,2,0,0,2,8,15,1,2,2,18,3,0,2,2,0,1,4,1,1,1,3,1,4,1,0,0,0,1,0,1
2022-06-09,2434,448,193,6,0,1,5,0,1,2,12,5,4,20,15,144,32,2,2,0,3,1,6,3,9,12,5,10,3,56,11,2,2,1,2,3,4,3,0,1,5,4,28,3,3,4,5,0,3,5,5,1,1,6,0,2,2,2,1,3,10,5,46,15,1,0,1,1,1,3,4,8,8,6,0,2,14,10,1,0,1,0,5,3,0,2,0,3,1,10,0,2,1,1,1,3,1
2022-06-10,2642,468,213,27,2,1,2,0,1,3,6,1,8,17,6,169,19,4,5,0,0,0,5,5,5,28,3,3,3,50,13,2,2,1,0,8,10,2,2,2,3,1,20,1,3,3,8,5,4,2,4,0,2,2,0,0,3,4,4,3,11,19,49,9,1,1,3,3,2,9,4,10,11,2,0,1,13,3,6,0,0,0,6,3,5,2,0,1,0,7,2,0,0,5,2,0,1
2022-06-13,2648,509,188,19,0,2,3,3,4,3,5,8,7,18,25,143,26,4,2,4,0,4,8,7,17,15,2,4,5,59,12,1,4,4,0,13,11,0,1,3,8,0,20,2,1,14,1,2,11,4,9,1,1,3,3,2,5,9,2,2,7,2,49,11,0,0,2,5,2,7,2,5,11,0,2,1,10,4,1,1,1,2,1,1,1,1,2,2,2,7,1,0,0,2,1,4,1
2022-06-14,2614,759,144,11,0,1,20,0,1,3,9,5,0,28,23,218,32,14,1,9,1,0,8,19,16,47,8,3,23,93,8,3,4,1,3,18,32,3,1,4,8,0,30,3,6,4,11,3,11,13,6,1,1,2,0,2,1,2,2,3,9,3,28,9,0,1,2,1,0,3,4,5,10,4,3,3,6,5,0,1,1,3,3,2,0,1,1,1,0,6,1,2,0,1,2,1,2
2022-06-15,2900,887,191,24,4,2,14,0,4,8,19,12,12,37,40,244,80,12,10,4,4,4,16,4,21,30,12,9,4,84,21,2,0,8,7,14,3,0,5,4,2,2,54,4,6,16,3,3,6,13,4,1,3,3,4,0,1,4,2,2,5,3,47,8,4,1,0,1,1,1,3,3,8,4,0,11,19,9,1,1,0,1,4,5,3,2,0,6,0,8,0,1,1,2,1,1,2
2022-06-16,2625,639,159,18,3,2,5,2,2,7,13,7,9,48,33,215,34,1,2,1,1,3,6,7,12,28,1,5,14,69,4,6,1,2,0,4,3,6,1,1,2,2,34,2,3,6,4,2,0,8,6,0,0,0,1,3,1,1,3,1,3,6,40,8,1,2,1,0,0,4,3,5,17,2,1,5,9,7,1,0,1,0,1,3,0,5,0,3,2,7,1,2,0,1,0,2,0
2022-06-17,2675,574,184,13,2,1,3,1,2,5,9,3,0,26,35,179,56,3,1,0,1,9,2,2,5,34,3,3,19,54,24,12,1,0,1,3,7,0,3,2,0,1,17,2,1,8,3,1,2,15,16,3,1,2,2,4,3,5,0,3,10,5,34,13,5,3,2,0,2,6,2,3,18,0,2,2,5,2,0,0,1,2,0,3,0,1,0,3,0,9,1,1,4,2,0,2,2
2022-06-20,2650,548,192,13,4,3,4,1,3,1,2,10,8,9,14,199,34,3,2,1,1,2,0,9,6,31,1,11,19,40,36,5,2,2,2,11,6,3,0,0,5,1,17,1,0,5,1,1,2,17,4,0,0,3,0,1,1,5,2,3,8,9,44,10,1,1,2,3,0,3,1,6,13,1,1,3,14,17,1,2,0,1,1,5,2,1,0,0,2,5,2,3,2,0,4,0,3
2022-06-21,2682,538,186,26,3,3,14,2,3,7,2,3,6,24,10,145,39,0,3,8,2,1,8,10,15,12,4,9,13,47,23,2,1,2,2,6,3,2,0,5,2,3,37,0,6,5,6,2,3,3,5,0,2,2,1,2,2,2,5,2,11,7,41,14,0,0,0,2,2,2,5,5,11,3,0,1,13,8,2,0,1,0,2,1,1,1,5,2,2,11,0,1,0,1,1,6,1
2022-06-22,2615,583,194,7,1,2,6,1,1,6,13,10,6,18,15,183,28,6,2,1,3,4,15,3,4,18,9,3,14,84,39,7,2,1,1,2,7,4,2,1,4,0,20,0,2,10,2,1,5,7,3,1,2,2,1,1,3,6,4,1,5,6,38,12,4,1,3,1,0,3,3,9,11,5,5,2,13,9,4,2,0,1,1,5,0,0,1,4,2,6,0,5,3,2,2,2,0
2022-06-23,2308,490,160,12,0,2,0,4,2,1,21,6,15,24,24,108,51,3,1,5,1,10,2,8,4,27,2,2,17,35,19,7,0,1,2,8,8,1,1,2,0,6,23,2,2,3,5,7,2,2,6,1,1,2,0,0,8,5,0,1,6,6,35,11,1,3,1,0,0,5,5,6,7,1,2,4,6,11,0,3,0,1,2,4,0,1,1,1,0,2,0,1,2,4,1,3,0
2022-06-24,2470,512,185,17,0,0,4,1,2,0,10,3,1,16,31,168,28,3,3,3,3,0,6,4,12,22,3,4,17,43,28,2,3,1,2,5,7,1,2,1,3,1,19,1,2,4,3,9,4,10,10,0,2,1,3,1,5,1,1,0,3,8,53,10,6,0,1,0,3,9,3,4,8,2,0,3,12,8,0,0,0,0,2,3,0,3,1,2,1,4,1,1,2,3,1,2,2
