sequenceNumber,corporateNumber,process,correct,updateDate,changeDate,name,nameImageId,kind,prefectureName,cityName,streetNumber,addressImageId,prefectureCode,cityCode,postCode,addressOutside,addressOutsideImageId,closeDate,closeCause,successorCorporateNumber,changeCause,assignmentDate,latest,enName,enPrefectureName,enCityName,enAddressOutside,furigana,hihyoji
14,1010001267157,新規,0,2026-07-17,2026-07-17,クロスジーン株式会社,,株式会社,東京都,中央区,銀座１丁目１２番４号Ｎ＆ＥＢＬＤ．６Ｆ,,13,102,1040061,,,,,,,2026-07-17,1,,,,,,0
15,1010001267248,新規,0,2026-07-17,2026-07-17,株式会社ＮＩＣパートナーズ,,株式会社,東京都,千代田区,大手町１丁目６番１号,,13,101,1000004,,,,,,,2026-07-17,1,,,,,エヌアイシーパートナーズ,0
16,1010001267272,新規,0,2026-07-17,2026-07-17,株式会社Ｍａｒｅ,,株式会社,東京都,文京区,千石４丁目３８番１０号,,13,105,1120011,,,,,,,2026-07-17,1,,,,,マーレ,0
17,1010001267297,新規,0,2026-07-17,2026-07-17,株式会社ＧＬＯＢＩＸ,,株式会社,東京都,中央区,銀座６丁目１３番１６号銀座ＷａｌｌビルＵＣＦ５０１,,13,102,1040061,,,,,,,2026-07-17,1,,,,,グロビックス,0
18,1010001267347,新規,0,2026-07-17,2026-07-17,株式会社ライズ,,株式会社,東京都,中央区,日本橋兜町１７番２号,,13,102,1030026,,,,,,,2026-07-17,1,,,,,ライズ,0
19,1010003051955,新規,0,2026-07-17,2026-07-17,合同会社レコル,,合同会社,東京都,中央区,日本橋２丁目１６－４ｒｅｍｉｘ日本橋６階,,13,102,1030027,,,,,,,2026-07-17,1,,,,,レコル,0
20,1010003052012,新規,0,2026-07-17,2026-07-17,合同会社ＺＥＲＯＵＭ,,合同会社,東京都,中央区,日本橋２丁目１６－４ｒｅｍｉｘ日本橋６階,,13,102,1030027,,,,,,,2026-07-17,1,,,,,ゼロウム,0
21,1010003052061,新規,0,2026-07-17,2026-07-17,ＭＥシステム合同会社,,合同会社,東京都,中央区,日本橋兜町１５番１２号,,13,102,1030026,,,,,,,2026-07-17,1,,,,,エムイーシステム,0
24,1010401199990,新規,0,2026-07-17,2026-07-17,Ｄ＆Ｚ　Ｇｌｏｂａｌ株式会社,,株式会社,東京都,港区,北青山１丁目３番１号アールキューブ青山３階,,13,103,1070061,,,,,,,2026-07-17,1,,,,,ディーアンドゼットグローバル,0
25,1010401200048,新規,0,2026-07-17,2026-07-17,モノリスグリッド株式会社,,株式会社,東京都,港区,赤坂９丁目７番１号ミッドタウン・タワー１８階,,13,103,1070052,,,,,,,2026-07-17,1,,,,,モノリスグリッド,0
26,1010401200171,新規,0,2026-07-17,2026-07-17,株式会社ＴＧ　Ｅｘｐｅｒｉｅｎｃｅ,,株式会社,東京都,港区,南青山４丁目２番１２－５１１号,,13,103,1070062,,,,,,,2026-07-17,1,,,,,ティージーエクスペリエンス,0
29,1010403038619,新規,0,2026-07-17,2026-07-17,合同会社佐久塚原蓄電所,,合同会社,東京都,港区,芝２丁目２番１２号１０階,,13,103,1050014,,,,,,,2026-07-17,1,,,,,サクツカハラチクデンショ,0
30,1010403038668,新規,0,2026-07-17,2026-07-17,３ＥＭパートナーズ合同会社,,合同会社,東京都,港区,北青山１丁目３番１号アールキューブ青山３階,,13,103,1070061,,,,,,,2026-07-17,1,,,,,スリーイーエムパートナーズ,0
32,1010405025862,新規,0,2026-07-17,2026-07-17,一般社団法人ＶＣ　Ｆｕｎｄ　Ｃｏｎｔｒｏｌｌｅｒｓ　Ｎｅｔｗｏｒｋ,,その他の設立登記法人,東京都,港区,赤坂２丁目２３番１号アークヒルズフロントタワー８０２,,13,103,1070052,,,,,,,2026-07-17,1,,,,,ブイシーファンドコントローラーネットワーク,0
33,1010405025937,新規,0,2026-07-17,2026-07-17,ラベンダー一般社団法人,,その他の設立登記法人,東京都,港区,北青山１丁目２番３号,,13,103,1070061,,,,,,,2026-07-17,1,,,,,ラベンダー,0
39,1010701049788,新規,0,2026-07-17,2026-07-17,株式会社ＥＭＢＥＲ　ＫＥＥＰＥＲ,,株式会社,東京都,品川区,上大崎３丁目１４番３４号プラスワン４０２,,13,109,1410021,,,,,,,2026-07-17,1,,,,,エンバーキーパー,0
40,1010705003915,新規,0,2026-07-17,2026-07-17,一般社団法人さくら,,その他の設立登記法人,東京都,品川区,上大崎３丁目１番１号目黒セントラルスクエア１５階,,13,109,1410021,,,,,,,2026-07-17,1,,,,,サクラ,0
47,1011001179128,新規,0,2026-07-17,2026-07-17,株式会社サイ,,株式会社,東京都,目黒区,中目黒３丁目２２番１号,,13,110,1530061,,,,,,,2026-07-17,1,,,,,サイ,0
48,1011001179318,新規,0,2026-07-17,2026-07-17,株式会社Ｆｅｒｍｉｏｎ,,株式会社,東京都,渋谷区,円山町５番３号ＭＩＥＵＸ渋谷ビル８階,,13,113,1500044,,,,,,,2026-07-17,1,,,,,フェルミオン,0
51,1011003024884,新規,0,2026-07-17,2026-07-17,合同会社Ｓ．ｍｉｍｉ,,合同会社,東京都,目黒区,八雲３丁目２５番１４－６０２号,,13,110,1520023,,,,,,,2026-07-17,1,,,,,エスミミ,0
54,1011101116757,新規,0,2026-07-17,2026-07-17,株式会社タスキリレー,,株式会社,東京都,新宿区,西新宿３丁目３－１３西新宿水間ビル２Ｆ,,13,104,1600023,,,,,,,2026-07-17,1,,,,,タスキリレー,0
55,1011101116773,新規,0,2026-07-17,2026-07-17,アンドフロー株式会社,,株式会社,東京都,新宿区,西新宿３丁目３番１３号西新宿水間ビル６階,,13,104,1600023,,,,,,,2026-07-17,1,,,,,アンドフロー,0
56,1011103017763,新規,0,2026-07-17,2026-07-17,浅間ホールディングス合同会社,,合同会社,東京都,新宿区,西新宿１丁目２６番２号新宿野村ビル３２階,,13,104,1600023,,,,,,,2026-07-17,1,,,,,アサマホールディングス,0
58,1011201027284,新規,0,2026-07-17,2026-07-17,株式会社ＭＡＫＩ,,株式会社,東京都,中野区,中野１丁目１番５号,,13,114,1640001,,,,,,,2026-07-17,1,,,,,マキ,0
59,1011205002762,新規,0,2026-07-17,2026-07-17,一般社団法人日本の母を讃える会,,その他の設立登記法人,東京都,中野区,中野２丁目１３番２１号,,13,114,1640001,,,,,,,2026-07-17,1,,,,,ニッポンノハハヲタタエルカイ,0
65,1011403005179,新規,0,2026-07-17,2026-07-17,合同会社Ｔｒａｘｉｏｒａ,,合同会社,東京都,板橋区,小茂根２丁目１４番１７－１０３号ブランズ小竹向原,,13,119,1730037,,,,,,,2026-07-17,1,,,,,トラクシオラ,0
74,1012401044664,新規,0,2026-07-17,2026-07-17,株式会社Ａｓｔｒｅｌ,,株式会社,東京都,武蔵野市,吉祥寺本町１丁目２０番１号吉祥寺永谷シティプラザ１００２,,13,203,1800004,,,,,,,2026-07-17,1,,,,,アストレル,0
75,1012403007867,新規,0,2026-07-17,2026-07-17,アーツテクノ合同会社,,合同会社,東京都,多摩市,連光寺５丁目１２－７１パークサイドガレージ１０１,,13,224,2060021,,,,,,,2026-07-17,1,,,,,アーツテクノ,0
77,1012701019556,新規,0,2026-07-17,2026-07-17,ＹＮソリューション株式会社,,株式会社,東京都,東久留米市,中央町１丁目３番１２号,,13,222,2030054,,,,,,,2026-07-17,1,,,,,ワイエヌソリューション,0
79,1013101010064,新規,0,2026-07-17,2026-07-17,株式会社ＦＯＡ,,株式会社,東京都,福生市,南田園１丁目１１－１,,13,218,1970004,,,,,,,2026-07-17,1,,,,,エフオーエー,0
83,1013301056502,新規,0,2026-07-17,2026-07-17,Ａｍｐｌｏｒｉｘ株式会社,,株式会社,東京都,豊島区,東池袋１丁目３４番５号いちご東池袋ビル６階,,13,116,1700013,,,,,,,2026-07-17,1,,,,,アンプロリクス,0
84,1013303008328,新規,0,2026-07-17,2026-07-17,合同会社ティーショップ,,合同会社,東京都,豊島区,南池袋１丁目１番１１号カドラーマンション６１２号,,13,116,1710022,,,,,,,2026-07-17,1,,,,,ティーショップ,0
85,1013303008336,新規,0,2026-07-17,2026-07-17,Ｔ．Ｋ合同会社,,合同会社,東京都,豊島区,東池袋２丁目６２番８号,,13,116,1700013,,,,,,,2026-07-17,1,,,,,ティーケー,0
92,1020001169567,新規,0,2026-07-17,2026-07-17,ＰＬ青果株式会社,,株式会社,神奈川県,横浜市港南区,港南２丁目３番１９号,,14,111,2330003,,,,,,,2026-07-17,1,,,,,ピーエルセイカ,0
93,1020001169641,新規,0,2026-07-17,2026-07-17,株式会社ｋｏｚａｍａｎａ,,株式会社,神奈川県,横浜市青葉区,青葉台２丁目２９－１－Ｇ５３２,,14,117,2270062,,,,,,,2026-07-17,1,,,,,コザマナ,0
96,1020003031469,新規,0,2026-07-17,2026-07-17,合同会社ブレーブ,,合同会社,神奈川県,川崎市麻生区,王禅寺東３丁目４－７,,14,137,2150018,,,,,,,2026-07-17,1,,,,,ブレーブ,0
97,1020003031477,新規,0,2026-07-17,2026-07-17,ｉｎｔｅｒｍｅｄｉａｔｅ合同会社,,合同会社,神奈川県,横浜市西区,浅間町２丁目１０２－２１,,14,103,2200072,,,,,,,2026-07-17,1,,,,,インターメディエイト,0
98,1020005017342,新規,0,2026-07-17,2026-07-17,一般社団法人はまみらい,,その他の設立登記法人,神奈川県,横浜市金沢区,釜利谷東６丁目３番３１号,,14,108,2360042,,,,,,,2026-07-17,1,,,,,ハマミライ,0
99,1020005017350,新規,0,2026-07-17,2026-07-17,弁理士法人ファインＳＥＰコンサルティング,,その他の設立登記法人,神奈川県,川崎市中原区,新丸子町９１５番地,,14,133,2110005,,,,,,,2026-07-17,1,,,,,ファインセップコンサルティング,0
104,1021001088674,新規,0,2026-07-17,2026-07-17,株式会社ＯＣＪ,,株式会社,神奈川県,横須賀市,粟田２丁目３３番５号,,14,201,2390845,,,,,,,2026-07-17,1,,,,,オーシージェイ,0
105,1021001088682,新規,0,2026-07-17,2026-07-17,株式会社ＣＨＩＣＫ　ＴＡＫＴ　ＳＴＵＤＩＯ,,株式会社,神奈川県,相模原市中央区,相生３丁目１１－１３ペルテ３０１,,14,152,2520235,,,,,,,2026-07-17,1,,,,,チックタクトスタジオ,0
106,1021001088690,新規,0,2026-07-17,2026-07-17,株式会社ＨＲオフィスＴ,,株式会社,神奈川県,相模原市緑区,橋本１丁目１１番２７号,,14,151,2520143,,,,,,,2026-07-17,1,,,,,エイチアールオフィスティー,0
107,1021001088732,新規,0,2026-07-17,2026-07-17,株式会社ＳＥＥＫＳ,,株式会社,神奈川県,茅ヶ崎市,十間坂１丁目３番７号アルカサール茅ヶ崎湘南１階,,14,207,2530045,,,,,,,2026-07-17,1,,,,,シークス,0
108,1021001088757,新規,0,2026-07-17,2026-07-17,株式会社グラスホッパー,,株式会社,神奈川県,小田原市,栄町１丁目１６番１９号旧三福ビルヂング,,14,206,2500011,,,,,,,2026-07-17,1,,,,,グラスホッパー,0
109,1021001088765,新規,0,2026-07-17,2026-07-17,株式会社ＹＫＩ,,株式会社,神奈川県,中郡大磯町,西小磯９２番地,,14,341,2550005,,,,,,,2026-07-17,1,,,,,ワイケイアイ,0
111,1021003017739,新規,0,2026-07-17,2026-07-17,合同会社ＲＩＢＩＪＯＵＸ,,合同会社,神奈川県,相模原市中央区,矢部３丁目１７―１５―２階,,14,152,2520232,,,,,,,2026-07-17,1,,,,,リビジュー,0
121,1030001173386,新規,0,2026-07-17,2026-07-17,シーダーヒル株式会社,,株式会社,埼玉県,上尾市,小泉５丁目２２番地３,,11,219,3620063,,,,,,,2026-07-17,1,,,,,シーダーヒル,0
122,1030001173394,新規,0,2026-07-17,2026-07-17,株式会社ＣＳ工業,,株式会社,埼玉県,越谷市,大字平方１６８３番地１,,11,222,3430002,,,,,,,2026-07-17,1,,,,,シーエスコウギョウ,0
128,1030003029677,新規,0,2026-07-17,2026-07-17,合同会社コスモグリーン,,合同会社,埼玉県,川口市,大字安行領家２７０番地,,11,203,3340058,,,,,,,2026-07-17,1,,,,,コスモグリーン,0
133,1040001144626,新規,0,2026-07-17,2026-07-17,Ｗａｖｅ　Ｇｌｏｂａｌ株式会社,,株式会社,千葉県,流山市,加１丁目５番地１号サウスコート２番館４０６,,12,220,2700176,,,,,,,2026-07-17,1,,,,,ウエイブグローバル,0
134,1040001144659,新規,0,2026-07-17,2026-07-17,株式会社リバティ,,株式会社,千葉県,山武郡芝山町,香山新田字矢志ヶ谷５０番地,,12,409,2891601,,,,,,,2026-07-17,1,,,,,リバティ,0
137,1050003010263,新規,0,2026-07-17,2026-07-17,合同会社Ｃｅｄａｒ　Ｂｒｉｄｇｅ　Ｈｏｓｐｉｔａｌｉｔｙ,,合同会社,茨城県,つくば市,松代５丁目６番地４７,,08,220,3050035,,,,,,,2026-07-17,1,,,,,シダーブリッジホスピタリティ,0
145,1080101026407,新規,0,2026-07-17,2026-07-17,井出荷役運輸株式会社,,株式会社,静岡県,富士宮市,外神東町１４７番地の３,,22,207,4180007,,,,,,,2026-07-17,1,,,,,イデニヤクウンユ,0
148,1080401028739,新規,0,2026-07-17,2026-07-17,株式会社フィオリーレ,,株式会社,静岡県,浜松市浜名区,宮口４４５８番地の４,,22,139,4340004,,,,,,,2026-07-17,1,,,,,フィオリーレ,0
150,1080403005546,新規,0,2026-07-17,2026-07-17,合同会社結Ｌｉｎｋ,,合同会社,静岡県,浜松市中央区,志都呂１丁目６番１３ウィスティリア志都呂６０２,,22,138,4328069,,,,,,,2026-07-17,1,,,,,ユイリンク,0
156,1110005017382,新規,0,2026-07-17,2026-07-17,一般社団法人ロードス,,その他の設立登記法人,新潟県,新潟市江南区,亀田本町１丁目２番４号,,15,104,9500164,,,,,,,2026-07-17,1,,,,,ロードス,0
170,1122001040739,新規,0,2026-07-17,2026-07-17,株式会社スムート,,株式会社,大阪府,柏原市,今町２丁目１１番９号,,27,221,5820002,,,,,,,2026-07-17,1,,,,,スムート,0
186,1140001143444,新規,0,2026-07-17,2026-07-17,株式会社ライブフィールド,,株式会社,兵庫県,姫路市,城東町野田１番地８ワコーレ姫路京口マークス１５０２,,28,201,6700844,,,,,,,2026-07-17,1,,,,,ライブフィールド,0
187,1140001143460,新規,0,2026-07-17,2026-07-17,株式会社Ｏ・Ｇ・Ｐ,,株式会社,兵庫県,加古川市,野口町野口１番地の１６－２Ｆ,,28,210,6750012,,,,,,,2026-07-17,1,,,,,オージーピー,0
190,1140003023867,新規,0,2026-07-17,2026-07-17,合同会社岡西商事,,合同会社,兵庫県,西宮市,里中町１丁目５番５号,,28,204,6638183,,,,,,,2026-07-17,1,,,,,オカニシショウジ,0
191,1160001027793,新規,0,2026-07-17,2026-07-17,株式会社ＹＯＴＳＵＢＡ,,株式会社,滋賀県,甲賀市,水口町山１６４０番地６２,,25,209,5280067,,,,,,,2026-07-17,1,,,,,ヨツバ,0
195,1180001172729,新規,0,2026-07-17,2026-07-17,テラスル株式会社,,株式会社,愛知県,名古屋市中村区,名駅３丁目４－１０アルティメイト名駅１ｓｔ２階,,23,105,4500002,,,,,,,2026-07-17,1,,,,,テラスル,0
201,1180003030521,新規,0,2026-07-17,2026-07-17,合同会社ミャポロン,,合同会社,愛知県,名古屋市中村区,名駅４丁目２４番５号第２森ビル４０１,,23,105,4500002,,,,,,,2026-07-17,1,,,,,ミャポロン,0
202,1180003030538,新規,0,2026-07-17,2026-07-17,合同会社よこわグローバルリンクス,,合同会社,愛知県,一宮市,起字西生出６４番地の２,,23,203,4940006,,,,,,,2026-07-17,1,,,,,ヨコワグローバルリンクス,0
203,1180003030554,新規,0,2026-07-17,2026-07-17,ロータス外構合同会社,,合同会社,愛知県,一宮市,今伊勢町馬寄字上畑田５０番地４,,23,203,4910051,,,,,,,2026-07-17,1,,,,,ロータスガイコウ,0
204,1190003005497,新規,0,2026-07-17,2026-07-17,合同会社ＴＲＡＸ　ＧＲＯＵＰ,,合同会社,三重県,鈴鹿市,住吉５丁目５番９号,,24,207,5130826,,,,,,,2026-07-17,1,,,,,トラックスグループ,0
206,1200001045262,新規,0,2026-07-17,2026-07-17,株式会社ＷＡＫＬＵＳＳ,,株式会社,岐阜県,加茂郡八百津町,上牧野１８７番地２,,21,505,5050304,,,,,,,2026-07-17,1,,,,,ワクラス,0
207,1200001045270,新規,0,2026-07-17,2026-07-17,株式会社山博板金,,株式会社,岐阜県,不破郡垂井町,宮代１４９９番地の１１,,21,361,5032124,,,,,,,2026-07-17,1,,,,,ヤマヒロバンキン,0
209,1210003002070,新規,0,2026-07-17,2026-07-17,合同会社灯,,合同会社,福井県,福井市,宝永２丁目９－１９－２,,18,201,9100004,,,,,,,2026-07-17,1,,,,,アカリ,0
215,1240001066809,新規,0,2026-07-17,2026-07-17,株式会社感動ト熱狂ノ原点,,株式会社,広島県,福山市,丸之内２丁目７番１１号,,34,207,7200061,,,,,,,2026-07-17,1,,,,,カンドウトネッキョウノゲンテン,0
217,1240005016140,新規,0,2026-07-17,2026-07-17,税理士法人ＴＥＲＡＳ　ＷＯＲＫＳ,,その他の設立登記法人,広島県,広島市東区,牛田本町１丁目１０番１６号牛田パーク３Ｆ,,34,102,7320066,,,,,,,2026-07-17,1,,,,,テラスワークス,0
224,1290001114892,新規,0,2026-07-17,2026-07-17,ＭＵＳＣＬＥ　ＢＡＲ　ＪＡＰＡＮ株式会社,,株式会社,福岡県,福岡市中央区,春吉２丁目１９－３－１－２０１号,,40,133,8100003,,,,,,,2026-07-17,1,,,,,マッスルバージャパン,0
227,1320001021821,新規,0,2026-07-17,2026-07-17,株式会社トンボヤ,,株式会社,大分県,豊後高田市,高田２１４３番地１,,44,209,8790617,,,,,,,2026-07-17,1,,,,,トンボヤ,0
230,1330001034483,新規,0,2026-07-17,2026-07-17,緒方農機株式会社,,株式会社,熊本県,合志市,合生６０番地５,,43,216,8611101,,,,,,,2026-07-17,1,,,,,オガタノウキ,0
234,1340001028303,新規,0,2026-07-17,2026-07-17,明興資源開発株式会社,,株式会社,鹿児島県,鹿児島市,小原町１６番１２－１号,,46,201,8910111,,,,,,,2026-07-17,1,,,,,メイコウシゲンカイハツ,0
235,1350001020184,新規,0,2026-07-17,2026-07-17,株式会社ＦＪＶ,,株式会社,宮崎県,西諸県郡高原町,大字蒲牟田１１８１－２－Ａ,,45,361,8894414,,,,,,,2026-07-17,1,,,,,,0
238,1350005006378,新規,0,2026-07-17,2026-07-17,一般社団法人ＨＩＢＡＮプロジェクト,,その他の設立登記法人,宮崎県,都城市,菓子野町１０７０５番地１,,45,202,8850111,,,,,,,2026-07-17,1,,,,,ヒバンプロジェクト,0
245,1380003006393,新規,0,2026-07-17,2026-07-17,合同会社松和住設,,合同会社,福島県,いわき市,内郷御台境町五反田９番地の５,,07,204,9738409,,,,,,,2026-07-17,1,,,,,ショウワジュウセツ,0
249,1400001017472,新規,0,2026-07-17,2026-07-17,株式会社セントラルオートガラス花北,,株式会社,岩手県,北上市,鍛冶町３丁目１３１番地１２,,03,206,0240062,,,,,,,2026-07-17,1,,,,,セントラルオートガラスハナキタ,0
250,1400001017480,新規,0,2026-07-17,2026-07-17,株式会社滝澤カッター,,株式会社,岩手県,西磐井郡平泉町,平泉字田面５４番地２５,,03,402,0294102,,,,,,,2026-07-17,1,,,,,タキザワカッター,0
253,1430001097347,新規,0,2026-07-17,2026-07-17,Ｙｕｃｉｃｏ株式会社,,株式会社,北海道,札幌市中央区,北一条西３丁目３番地３３リープロビル３０２,,01,101,0600001,,,,,,,2026-07-17,1,,,,,ユシコ,0
257,1470001021344,新規,0,2026-07-17,2026-07-17,株式会社かみとかお,,株式会社,香川県,高松市,藤塚町１丁目１０番３０号ベストアメニティ高松ビル２Ｆ,,37,201,7600071,,,,,,,2026-07-17,1,,,,,カミトカオ,0
259,1470003003167,新規,0,2026-07-17,2026-07-17,合同会社ソラリス,,合同会社,香川県,高松市,多肥下町１５１３番地２８,,37,201,7618075,,,,,,,2026-07-17,1,,,,,ソラリス,0
261,1700150026120,新規,0,2026-07-17,2015-10-09,東大阪近畿経友納税会,,その他,大阪府,八尾市,光町１丁目４５－２,,27,212,5810803,,,,,,,2015-10-09,1,,,,,ヒガシオオサカキンキケイユウノウゼイカイ,0
262,1700150136687,新規,0,2026-07-17,2026-07-17,ＨＫ　ＳＨＥＮＧＨＥＮＧＪＩＡ　ＴＥＣＨ　ＣＯ．，ＬＩＭＩＴＥＤ,,外国会社等,,,,,,,,ＲＯＯＭ　Ａ９，ＦＬＡＴ　６，１１／Ｆ，ＢＬＯＣＫ　Ａ，ＤＥＬＹＡ　ＩＮＤＵＳＴＲＩＡＬ　ＣＥＮＴＲＥ，７　ＳＨＥＫ　ＰＡＩ　ＴＡＵ　ＲＯＡＤ，ＴＵＥＮ　ＭＵＮ，ＮＴ,,,,,,2026-07-17,1,,,,,ホンコンシェンヘンジアテックカンパニーリミテッド,0
263,1700150136695,新規,0,2026-07-17,2026-07-17,龍野ＩＣ周辺地区土地区画整理組合,,その他,兵庫県,たつの市,龍野町四箇１４３－１,,28,229,6794168,,,,,,,2026-07-17,1,,,,,タツノインターチエンジシユウヘンチクトチクカクセイリクミアイ,0
275,2010001267065,新規,0,2026-07-17,2026-07-17,株式会社ＳＩＳＵ,,株式会社,東京都,千代田区,神田神保町２丁目１０番地３１ＩＷビル１Ｆ,,13,101,1010051,,,,,,,2026-07-17,1,,,,,シス,0
276,2010001267156,新規,0,2026-07-17,2026-07-17,株式会社ぷもっちょ,,株式会社,東京都,千代田区,神田和泉町１番地６の１６ヤマトビル４０５,,13,101,1010024,,,,,,,2026-07-17,1,,,,,プモッチョ,0
277,2010001267230,新規,0,2026-07-17,2026-07-17,シー・シックス・テン株式会社,,株式会社,東京都,千代田区,丸の内２丁目４番１号,,13,101,1000005,,,,,,,2026-07-17,1,,,,,シーシックステン,0
278,2010001267239,新規,0,2026-07-17,2026-07-17,株式会社ＩＴＣＭ　Ｗｏｒｋｓ,,株式会社,東京都,千代田区,神田神保町２丁目１０番３１号ＩＷビル１Ｆ,,13,101,1010051,,,,,,,2026-07-17,1,,,,,アイティーシーエムワークス,0
279,2010001267288,新規,0,2026-07-17,2026-07-17,株式会社スワローテイル,,株式会社,東京都,中央区,銀座１丁目１２番４号Ｎ＆ＥＢＬＤ．６Ｆ,,13,102,1040061,,,,,,,2026-07-17,1,,,,,スワローテイル,0
280,2010001267296,新規,0,2026-07-17,2026-07-17,日清紡メカトロニクス分割準備株式会社,,株式会社,東京都,中央区,日本橋人形町２丁目３１番１１号,,13,102,1030013,,,,,,,2026-07-17,1,,,,,ニッシンボウメカトロニクスブンカツジュンビ,0
289,2010403038601,新規,0,2026-07-17,2026-07-17,ＡＬ２合同会社,,合同会社,東京都,港区,虎ノ門４丁目１番１号,,13,103,1050001,,,,,,,2026-07-17,1,,,,,アルツー,0
291,2010601069571,新規,0,2026-07-17,2026-07-17,株式会社結,,株式会社,東京都,江東区,豊洲５丁目６番３６号豊洲プライムスクエア１０階,,13,108,1350061,,,,,,,2026-07-17,1,,,,,ムスブ,0
303,2011001178954,新規,0,2026-07-17,2026-07-17,Ｓｕｇａｈａｒａ　Ｔｅｃｈｎｏｌｏｇｙ株式会社,,株式会社,東京都,渋谷区,道玄坂１丁目１０番８号渋谷道玄坂東急ビル２Ｆ－Ｃ,,13,113,1500043,,,,,,,2026-07-17,1,,,,,スガハラテクノロジー,0
304,2011001179127,新規,0,2026-07-17,2026-07-17,ＦＯＲＳＥ　ＣＬＵＢ株式会社,,株式会社,東京都,目黒区,中目黒３丁目２２番１号,,13,110,1530061,,,,,,,2026-07-17,1,,,,,フォースクラブ,0
305,2011001179176,新規,0,2026-07-17,2026-07-17,株式会社Ｍｉｃｒｏｎｉｔｙ６,,株式会社,東京都,渋谷区,渋谷２丁目２４番１２号,,13,113,1500002,,,,,,,2026-07-17,1,,,,,マイクロニティシックス,0
306,2011001179317,新規,0,2026-07-17,2026-07-17,株式会社Ｂｌｏｏｍ,,株式会社,東京都,渋谷区,代々木２丁目２３－１－２１８,,13,113,1510053,,,,,,,2026-07-17,1,,,,,ブルーム,0
314,2011101116698,新規,0,2026-07-17,2026-07-17,株式会社Ｏｆｆｉｃｅ　Ｔｒｅｅｅ,,株式会社,東京都,新宿区,早稲田鶴巻町５０４番地ガ－デンハウス早稲田２０４,,13,104,1620041,,,,,,,2026-07-17,1,,,,,オフィスツリー,0
315,2011101116764,新規,0,2026-07-17,2026-07-17,株式会社ＲＥＳＯＭ,,株式会社,東京都,新宿区,西新宿３丁目３番１３号西新宿水間ビル６階,,13,104,1600023,,,,,,,2026-07-17,1,,,,,レゾム,0
316,2011103017779,新規,0,2026-07-17,2026-07-17,アモーレ・テクニカ合同会社,,合同会社,東京都,新宿区,新宿２丁目８番１５号パークフロント新宿２０２号室,,13,104,1600022,,,,,,,2026-07-17,1,,,,,アモーレテクニカ,0
318,2011701029580,新規,0,2026-07-17,2026-07-17,株式会社カナエル,,株式会社,東京都,江戸川区,小松川２丁目８番１－３０２号,,13,123,1320034,,,,,,,2026-07-17,1,,,,,カナエル,0
319,2011701029589,新規,0,2026-07-17,2026-07-17,株式会社真良屋,,株式会社,東京都,江戸川区,西葛西７丁目２３番１４－２０６号第２サニーホワイト,,13,123,1340088,,,,,,,2026-07-17,1,,,,,マラヤ,0
321,2011803007526,新規,0,2026-07-17,2026-07-17,合同会社Ｘ,,合同会社,東京都,足立区,西新井栄町１丁目１８番３３,,13,121,1230843,,,,,,,2026-07-17,1,,,,,エックス,0
323,2012401044705,新規,0,2026-07-17,2026-07-17,株式会社りなあん,,株式会社,東京都,調布市,仙川町３丁目６番地５８,,13,208,1820002,,,,,,,2026-07-17,1,,,,,リナアン,0
324,2012403007882,新規,0,2026-07-17,2026-07-17,Ｋ＆Ｋ合同会社,,合同会社,東京都,武蔵野市,境南町１丁目４番２号,,13,203,1800023,,,,,,,2026-07-17,1,,,,,ケーアンドケー,0
327,2013101010063,新規,0,2026-07-17,2026-07-17,株式会社ＳＷＡＴ,,株式会社,東京都,羽村市,羽加美１丁目２０番地５,,13,227,2050016,,,,,,,2026-07-17,1,,,,,スワット,0
332,2013301056518,新規,0,2026-07-17,2026-07-17,株式会社Ｉｃ‐ｓｔｙｌｅ,,株式会社,東京都,豊島区,巣鴨４丁目４４番１－２４０２号,,13,116,1700002,,,,,,,2026-07-17,1,,,,,アイシースタイル,0
333,2013303008310,新規,0,2026-07-17,2026-07-17,あご楽ビューティ合同会社,,合同会社,東京都,豊島区,雑司が谷２丁目３番８号,,13,116,1710032,,,,,,,2026-07-17,1,,,,,アゴラクビューティ,0
334,2013303008335,新規,0,2026-07-17,2026-07-17,ＢｏｃｃｈｉＢｒａｉｎ合同会社,,合同会社,東京都,豊島区,東池袋２丁目６２番８号ＢＩＧオフィスプラザ池袋１２０６,,13,116,1700013,,,,,,,2026-07-17,1,,,,,ボッチブレイン,0
342,2020001169285,新規,0,2026-07-17,2026-07-17,株式会社現代プロパティ,,株式会社,神奈川県,横浜市中区,柏葉８２番地の１,,14,104,2310866,,,,,,,2026-07-17,1,,,,,ゲンダイプロパティ,0
343,2020001169418,新規,0,2026-07-17,2026-07-17,楓ウェルビーイングデザイン株式会社,,株式会社,神奈川県,横浜市中区,尾上町３丁目３５番地,,14,104,2310015,,,,,,,2026-07-17,1,,,,,カエデウェルビーイングデザイン,0
344,2020001169491,新規,0,2026-07-17,2026-07-17,株式会社ＳＥＩＧＥＴＳＵ,,株式会社,神奈川県,横浜市西区,北幸２丁目１０番４８号むつみビル３階,,14,103,2200004,,,,,,,2026-07-17,1,,,,,セイゲツ,0
345,2020001169566,新規,0,2026-07-17,2026-07-17,京華株式会社,,株式会社,神奈川県,横浜市中区,日ノ出町１丁目３６番地マンションアクロス８０１号室,,14,104,2310066,,,,,,,2026-07-17,1,,,,,キョウカ,0
347,2020003031410,新規,0,2026-07-17,2026-07-17,合同会社四季森コーポレーション,,合同会社,神奈川県,横浜市青葉区,市ケ尾町５９４－１マンションシルヴィア１０６,,14,117,2250024,,,,,,,2026-07-17,1,,,,,シキモリコーポレーション,0
348,2020003031468,新規,0,2026-07-17,2026-07-17,Ｄｉｓａｓｔｅｒ　Ｍａｎａｇｅｍｅｎｔ　Ａｉｒｃｒａｆｔ　Ｓｏｌｕｔｉｏｎｓ合同会社,,合同会社,神奈川県,横浜市青葉区,大場町３７６番地２３,,14,117,2250023,,,,,,,2026-07-17,1,,,,,ディザスターマネージメントエアークラフトソリューションズ,0
349,2021001088608,新規,0,2026-07-17,2026-07-17,株式会社悠,,株式会社,神奈川県,茅ヶ崎市,菱沼３丁目７番７号,,14,207,2530011,,,,,,,2026-07-17,1,,,,,ユウ,0
350,2021001088681,新規,0,2026-07-17,2026-07-17,株式会社湘南鎌倉低温輸送,,株式会社,神奈川県,鎌倉市,梶原３丁目２０番５号,,14,204,2470063,,,,,,,2026-07-17,1,,,,,ショウナンカマクラテイオンユソウ,0
353,2021003017688,新規,0,2026-07-17,2026-07-17,合同会社勝乗交通空間研究所,,合同会社,神奈川県,相模原市南区,相模大野２丁目１１番２１－２０８号,,14,153,2520303,,,,,,,2026-07-17,1,,,,,カツノリコウツウクウカンケンキュウショ,0
365,2030003029668,新規,0,2026-07-17,2026-07-17,合同会社ＩＮＯＵＥ　Ｈａ　Ｔｒａｎｇ,,合同会社,埼玉県,八潮市,大字柳之宮大道通２９３番地５,,11,234,3400832,,,,,,,2026-07-17,1,,,,,イノウエハチャン,0
373,2040001144625,新規,0,2026-07-17,2026-07-17,株式会社いーぴん不動産,,株式会社,千葉県,市川市,堀之内３丁目３番１－３０９号,,12,203,2720837,,,,,,,2026-07-17,1,,,,,イーピンフドウサン,0
383,2070001044302,新規,0,2026-07-17,2026-07-17,株式会社原点回帰,,株式会社,群馬県,利根郡片品村,大字幡谷５３５番地,,10,443,3780407,,,,,,,2026-07-17,1,,,,,ゲンテンカイキ,0
395,2100003008854,新規,0,2026-07-17,2026-07-17,合同会社なかじいー,,合同会社,長野県,下高井郡山ノ内町,大字佐野６８６番地,,20,561,3810402,,,,,,,2026-07-17,1,,,,,ナカジイー,0
421,2120001287845,新規,0,2026-07-17,2026-07-17,株式会社井川管理,,株式会社,大阪府,大阪市住之江区,平林北２丁目７番６６号,,27,125,5590026,,,,,,,2026-07-17,1,,,,,イガワカンリ,0
422,2120001287944,新規,0,2026-07-17,2026-07-17,株式会社アルヴェリオ,,株式会社,大阪府,大阪市城東区,中央３丁目１番１２号グランピア中央７１２号室,,27,118,5360005,,,,,,,2026-07-17,1,,,,,アルヴェリオ,0
425,2120003033108,新規,0,2026-07-17,2026-07-17,合同会社ＭＯＩＺ　ＴＲＡＤＩＮＧ,,合同会社,大阪府,寝屋川市,緑町４０番９号サンシャイン香里パート２－４０１号室,,27,215,5720022,,,,,,,2026-07-17,1,,,,,モイズトレーディング,0
428,2120005025689,新規,0,2026-07-17,2026-07-17,一般社団法人坪井文庫,,その他の設立登記法人,大阪府,大阪市中央区,西心斎橋２丁目１８番１２号,,27,128,5420086,,,,,,,2026-07-17,1,,,,,ツボイブンコ,0
446,2130001082576,新規,0,2026-07-17,2026-07-17,株式会社白道人,,株式会社,京都府,京都市左京区,仁王門通新柳馬場東入菊鉾町２９１番地１,,26,103,6068364,,,,,,,2026-07-17,1,,,,,ハクドウジン,0
447,2130001082650,新規,0,2026-07-17,2026-07-17,ネクスクラフト株式会社,,株式会社,京都府,京都市右京区,西京極長町９番地,,26,108,6150831,,,,,,,2026-07-17,1,,,,,ネクスクラフト,0
448,2130003011558,新規,0,2026-07-17,2026-07-17,合同会社つむぎ,,合同会社,京都府,木津川市,木津町八ケ坪３２番地,,26,214,6190217,,,,,,,2026-07-17,1,,,,,ツムギ,0
460,2140001143451,新規,0,2026-07-17,2026-07-17,株式会社ＪＡＰＡＮ　ＳＴＯＲＹ,,株式会社,兵庫県,神戸市灘区,灘南通１丁目３番１２－８０４号,,28,102,6570841,,,,,,,2026-07-17,1,,,,,ジャパンストーリー,0
466,2140005027997,新規,0,2026-07-17,2026-07-17,ＮＰＯ法人グリーフケアミネルヴァインターナショナル,,その他の設立登記法人,兵庫県,宝塚市,山本野里１丁目２番１０号,,28,214,6650814,,,,,,,2026-07-17,1,,,,,グリーフケアミネルヴァインターナショナル,0
469,2160001027776,新規,0,2026-07-17,2026-07-17,Ｇｏｏｄ　Ｐｒｏｃｅｓｓ株式会社,,株式会社,滋賀県,彦根市,馬場１丁目１番１号,,25,202,5220069,,,,,,,2026-07-17,1,,,,,グッドプロセス,0
471,2170001019186,新規,0,2026-07-17,2026-07-17,株式会社京華,,株式会社,和歌山県,紀の川市,古和田４０番地３,,30,208,6496432,,,,,,,2026-07-17,1,,,,,ケイカ,0
473,2180001172728,新規,0,2026-07-17,2026-07-17,株式会社ブルーストーン商事,,株式会社,愛知県,海部郡蟹江町,城４丁目３４０番地,,23,425,4970040,,,,,,,2026-07-17,1,,,,,ブルーストーンショウジ,0
474,2180001172736,新規,0,2026-07-17,2026-07-17,株式会社ウィルテックス,,株式会社,愛知県,名古屋市名東区,名東本通３丁目１２番地オープンレジデンシア星ヶ丘１４０４号,,23,115,4650087,,,,,,,2026-07-17,1,,,,,ウィルテックス,0
477,2200001045278,新規,0,2026-07-17,2026-07-17,株式会社ＢＲＭ,,株式会社,岐阜県,美濃加茂市,本郷町８丁目９番５４－１号,,21,211,5050027,,,,,,,2026-07-17,1,,,,,ビーアールエム,0
483,2240001066808,新規,0,2026-07-17,2026-07-17,株式会社ゆいの環,,株式会社,広島県,広島市安佐南区,八木３丁目３７番９－４号,,34,105,7310101,,,,,,,2026-07-17,1,,,,,ユイノワ,0
486,2240003007850,新規,0,2026-07-17,2026-07-17,書林リバートゥーシー合同会社,,合同会社,広島県,広島市中区,河原町４番３－２０７号,,34,101,7300856,,,,,,,2026-07-17,1,,,,,ショリンリバートゥーシー,0
496,2270003001891,新規,0,2026-07-17,2026-07-17,合同会社法務デザインラボ,,合同会社,鳥取県,鳥取市,吉成４２番地６４,,31,201,6800864,,,,,,,2026-07-17,1,,,,,ホウムデザインラボ,0
500,2290001114826,新規,0,2026-07-17,2026-07-17,株式会社寿歩訪問看護ステーション,,株式会社,福岡県,宗像市,土穴１丁目１３番２５号,,40,220,8114183,,,,,,,2026-07-17,1,,,,,ジュアホウモンカンゴステーション,0
501,2290001114891,新規,0,2026-07-17,2026-07-17,イートロン・テクノロジージャパン株式会社,,株式会社,福岡県,福岡市早良区,百道浜２丁目１番２２号福岡ＳＲＰセンタービル,,40,137,8140001,,,,,,,2026-07-17,1,,,,,イートロンテクノロジージャパン,0
504,2290803005405,新規,0,2026-07-17,2026-07-17,きあらガーデン合同会社,,合同会社,福岡県,北九州市門司区,泉ケ丘１２番３,,40,101,8000041,,,,,,,2026-07-17,1,,,,,キアラガーデン,0
508,2310005008914,新規,0,2026-07-17,2026-07-17,一般社団法人東彼杵町観光協会,,その他の設立登記法人,長崎県,東彼杵郡東彼杵町,彼杵宿郷４７４番地２,,42,321,8593807,,,,,,,2026-07-17,1,,,,,ヒガシソノギチョウカンコウキョウカイ,0
509,2320001021820,新規,0,2026-07-17,2026-07-17,ＡｃｕｉｔｙＷｏｒｋｓ株式会社,,株式会社,大分県,大分市,要町５番２０－３０４号グラディス大分駅前,,44,201,8700831,,,,,,,2026-07-17,1,,,,,アキュイティワークス,0
515,2330001034482,新規,0,2026-07-17,2026-07-17,ＡＣＥｓ株式会社,,株式会社,熊本県,上益城郡御船町,大字滝尾５８４１番地３,,43,441,8613208,,,,,,,2026-07-17,1,,,,,エーシーズ,0
516,2330001034490,新規,0,2026-07-17,2026-07-17,株式会社中崎工業,00144329,株式会社,熊本県,合志市,豊岡１２８番地６,,43,216,8611115,,,,,,,2026-07-17,1,,,,,ナカザキコウギョウ,0
517,2340001028310,新規,0,2026-07-17,2026-07-17,株式会社スペースビジョン,,株式会社,鹿児島県,鹿児島市,西谷山３丁目１７番２８号,,46,201,8910117,,,,,,,2026-07-17,1,,,,,スペースビジョン,0
518,2340001028319,新規,0,2026-07-17,2026-07-17,株式会社ワークスサポート一輝,,株式会社,鹿児島県,鹿児島市,伊敷台４丁目２３番１８号,,46,201,8900007,,,,,,,2026-07-17,1,,,,,ワークスサポートカズキ,0
519,2340003005282,新規,0,2026-07-17,2026-07-17,合同会社虹テラス,,合同会社,鹿児島県,霧島市,隼人町松永２４０番地４,,46,218,8995112,,,,,,,2026-07-17,1,,,,,ニジテラス,0
542,2470003003166,新規,0,2026-07-17,2026-07-17,合同会社ＳＵＺＵＫＩＧＵＭＩ,,合同会社,香川県,高松市,太田上町１０６３番地２,,37,201,7618074,,,,,,,2026-07-17,1,,,,,スズキグミ,0
553,3010001267262,新規,0,2026-07-17,2026-07-17,株式会社ＣＧ　ＨＤ,,株式会社,東京都,千代田区,大手町１丁目６番１号,,13,101,1000004,,,,,,,2026-07-17,1,,,,,シージーホールディングス,0
559,3010003052035,新規,0,2026-07-17,2026-07-17,合同会社オープンテック,,合同会社,東京都,千代田区,神田錦町３丁目１５番地錦精社神田ビル１階１６４号室,,13,101,1010054,,,,,,,2026-07-17,1,,,,,オープンテック,0
560,3010003052068,新規,0,2026-07-17,2026-07-17,合同会社ｗｏｒｋサポート,,合同会社,東京都,中央区,晴海５丁目６番４－４０４号,,13,102,1040053,,,,,,,2026-07-17,1,,,,,ワークサポート,0
564,3010103002856,新規,0,2026-07-17,2026-07-17,合同会社グリーンホーム,,合同会社,東京都,八王子市,横川町１０７８番地１６,,13,201,1930823,,,,,,,2026-07-17,1,,,,,グリーンホーム,0
567,3010401199881,新規,0,2026-07-17,2026-07-17,ヒトメ株式会社,,株式会社,東京都,港区,六本木７丁目２０－１９イナダビル３０２,,13,103,1060032,,,,,,,2026-07-17,1,,,,,ヒトメ,0
568,3010401200038,新規,0,2026-07-17,2026-07-17,株式会社ピーエスシーレジェンド,,株式会社,東京都,港区,浜松町２丁目４番１号世界貿易センタービル,,13,103,1050013,,,,,,,2026-07-17,1,,,,,ピーエスシーレジェンド,0
569,3010401200079,新規,0,2026-07-17,2026-07-17,株式会社創,,株式会社,東京都,港区,六本木４丁目２番１４号,,13,103,1060032,,,,,,,2026-07-17,1,,,,,ウミ,0
570,3010401200087,新規,0,2026-07-17,2026-07-17,ＦＩＮＥＰＡＣＫ株式会社,,株式会社,東京都,港区,南青山３丁目５番２号３階,,13,103,1070062,,,,,,,2026-07-17,1,,,,,ファインパック,0
571,3010401200194,新規,0,2026-07-17,2026-07-17,ＺＥＬＹＣＡ　ＴＥＣＨ株式会社,,株式会社,東京都,港区,北青山１丁目３番１号アールキューブ青山３階,,13,103,1070061,,,,,,,2026-07-17,1,,,,,ゼリカテック,0
578,3010601069562,新規,0,2026-07-17,2026-07-17,株式会社ＴＩＬ,,株式会社,東京都,江東区,東砂６丁目４番１号,,13,108,1360074,,,,,,,2026-07-17,1,,,,,ティーアイエル,0
579,3010601069570,新規,0,2026-07-17,2026-07-17,株式会社ワビライフ,,株式会社,東京都,墨田区,錦糸１丁目２－１アルカセントラル１４Ｆ,,13,107,1300013,,,,,,,2026-07-17,1,,,,,ワビライフ,0
581,3010701049852,新規,0,2026-07-17,2026-07-17,株式会社ＣＡＮＷＡ,,株式会社,東京都,品川区,大井３丁目６番１５号プラザ大井２０２,,13,109,1400014,,,,,,,2026-07-17,1,,,,,キャナワ,0
582,3010701049860,新規,0,2026-07-17,2026-07-17,株式会社イニホ,,株式会社,東京都,品川区,南大井１丁目５番４号,,13,109,1400013,,,,,,,2026-07-17,1,,,,,イニホ,0
583,3010705003913,新規,0,2026-07-17,2026-07-17,一般社団法人ＮｄＹＡＧレーザー歯科臨床研究会,,その他の設立登記法人,東京都,品川区,荏原１丁目１８番１１号,,13,109,1420063,,,,,,,2026-07-17,1,,,,,エヌディーヤグレーザーシカリンショウケンキュウカイ,0
586,3011001179191,新規,0,2026-07-17,2026-07-17,株式会社Ｐｒｉｎｃｅ　Ｅｎｔｅｒｔａｉｎｍｅｎｔ,,株式会社,東京都,渋谷区,桜丘町２３番１７号シティコート桜丘４０４,,13,113,1500031,,,,,,,2026-07-17,1,,,,,プリンスエンターテインメント,0
587,3011003024858,新規,0,2026-07-17,2026-07-17,ＳＴＡＮＤｉＮＯ合同会社,,合同会社,東京都,目黒区,祐天寺１丁目５－１６－２０１,,13,110,1530052,,,,,,,2026-07-17,1,,,,,スタンディーノ,0
588,3011003024882,新規,0,2026-07-17,2026-07-17,ＴＩＲＥ　ＯＮＥ合同会社,,合同会社,東京都,渋谷区,道玄坂１丁目１０番８号渋谷道玄坂東急ビル２Ｆ－Ｃ,,13,113,1500043,,,,,,,2026-07-17,1,,,,,タイヤワン,0
589,3011101116607,新規,0,2026-07-17,2026-07-17,株式会社ＯＸＥＮ,,株式会社,東京都,新宿区,西新宿１丁目２６番２号新宿野村ビル３２階,,13,104,1600023,,,,,,,2026-07-17,1,,,,,オクセン,0
590,3011103017737,新規,0,2026-07-17,2026-07-17,合同会社Ａｉｋｎｏｗ,,合同会社,東京都,新宿区,住吉町８番６号ＴＲＵＳＴ・ＶＡＬＵＥ曙橋５Ｆ,,13,104,1620065,,,,,,,2026-07-17,1,,,,,アイノウ,0
592,3011301031688,新規,0,2026-07-17,2026-07-17,株式会社リプロスプラス,,株式会社,東京都,杉並区,高円寺北２丁目３３番１５号,,13,115,1660002,,,,,,,2026-07-17,1,,,,,リプロスプラス,0
594,3011501033583,新規,0,2026-07-17,2026-07-17,株式会社ＣＦＤ,,株式会社,東京都,北区,豊島４丁目２－６,,13,117,1140003,,,,,,,2026-07-17,1,,,,,シーエフディー,0
599,3011801048133,新規,0,2026-07-17,2026-07-17,株式会社ＳＹＢＨ,,株式会社,東京都,足立区,竹の塚５丁目４番１０号,,13,121,1210813,,,,,,,2026-07-17,1,,,,,エスワイビーエイチ,0
600,3012301014922,新規,0,2026-07-17,2026-07-17,Ｉ‐ＰＥＸ　Ｅｌｅｃｔｒｏｎｉｃｓ株式会社,,株式会社,東京都,町田市,原町田５丁目３番２４号,,13,209,1940013,,,,,,,2026-07-17,1,,,,,アイペックスエレクトロニクス,0
603,3012401044679,新規,0,2026-07-17,2026-07-17,ゆめかなコンシェルジュ株式会社,,株式会社,東京都,武蔵野市,吉祥寺本町１丁目２０番１号,,13,203,1800004,,,,,,,2026-07-17,1,,,,,ユメカナコンシェルジュ,0
607,3013303008334,新規,0,2026-07-17,2026-07-17,Ｌ’ａｕｂｅＶｉｏ合同会社,,合同会社,東京都,豊島区,東池袋２丁目６２番８号ＢＩＧオフィスプラザ池袋１２０６,,13,116,1700013,,,,,,,2026-07-17,1,,,,,ローブヴィオ,0
611,3020001169532,新規,0,2026-07-17,2026-07-17,株式会社Ｂｉｒｔｈ　Ｌａｂ,,株式会社,神奈川県,横浜市青葉区,美しが丘５丁目３番１８,,14,117,2250002,,,,,,,2026-07-17,1,,,,,,0
614,3020003031450,新規,0,2026-07-17,2026-07-17,合同会社景商事,,合同会社,神奈川県,横浜市南区,真金町１丁目１番地５３パレ・ドール伊勢佐木町南ＩＩ１１０３号,00144324,14,105,2320021,,,,,,,2026-07-17,1,,,,,ケイショウジ,0
615,3020003031475,新規,0,2026-07-17,2026-07-17,ＧＬｏｃａｌ　Ｉｎｔｅｒｆａｃｅ　Ｄｅｓｉｇｎ　＆　Ｓｙｓｔｅｍ　Ｓｏｌｕｔｉｏｎｓ合同会社,,合同会社,神奈川県,横浜市泉区,上飯田町３９５番地１４,,14,116,2450018,,,,,,,2026-07-17,1,,,,,グローカルインタフェースデザインアンドシステムソリューションズ,0
618,3021001088672,新規,0,2026-07-17,2026-07-17,コブロン株式会社,,株式会社,神奈川県,藤沢市,大庭５４２５番地の９,,14,205,2510861,,,,,,,2026-07-17,1,,,,,コブロン,0
619,3021001088689,新規,0,2026-07-17,2026-07-17,株式会社アークモビリティ,,株式会社,神奈川県,伊勢原市,田中１２８番地,,14,214,2591142,,,,,,,2026-07-17,1,,,,,アークモビリティ,0
620,3021001088697,新規,0,2026-07-17,2026-07-17,株式会社丸山土建,,株式会社,神奈川県,相模原市緑区,千木良１２０６番地１峰マンション３０１号,,14,151,2520174,,,,,,,2026-07-17,1,,,,,マルヤマドケン,0
621,3021001088714,新規,0,2026-07-17,2026-07-17,株式会社佐久間建設,,株式会社,神奈川県,伊勢原市,笠窪３２８番地の１０,,14,214,2591137,,,,,,,2026-07-17,1,,,,,サクマケンセツ,0
622,3021001088722,新規,0,2026-07-17,2026-07-17,株式会社ＣＨＩＢＡ,,株式会社,神奈川県,小田原市,栢山１０６５番地の２６,,14,206,2500852,,,,,,,2026-07-17,1,,,,,チバ,0
623,3021001088763,新規,0,2026-07-17,2026-07-17,桜未来総合建設株式会社,,株式会社,神奈川県,茅ヶ崎市,下町屋２丁目６番３１号ルミエールＤ１０１,,14,207,2530087,,,,,,,2026-07-17,1,,,,,サクラミライソウゴウケンセツ,0
625,3021003017704,新規,0,2026-07-17,2026-07-17,合同会社アズールベイ,,合同会社,神奈川県,横須賀市,長井３丁目４６番２１号,,14,201,2380316,,,,,,,2026-07-17,1,,,,,アズールベイ,0
635,3030001173376,新規,0,2026-07-17,2026-07-17,株式会社インポートライズ,,株式会社,埼玉県,北本市,高尾６丁目９５番地８,,11,233,3640034,,,,,,,2026-07-17,1,,,,,インポートライズ,0
641,3030005022579,新規,0,2026-07-17,2026-07-17,リハプライム社会保険労務士法人,,その他の設立登記法人,埼玉県,さいたま市大宮区,桜木町１丁目７－５ソニックシティビル２６Ｆ,,11,103,3300854,,,,,,,2026-07-17,1,,,,,リハプライム,0
644,3040001144616,新規,0,2026-07-17,2026-07-17,株式会社ＡＲＣＨ,,株式会社,千葉県,千葉市中央区,新宿１丁目１６－７,,12,101,2600021,,,,,,,2026-07-17,1,,,,,アーチ,0
645,3040001144624,新規,0,2026-07-17,2026-07-17,株式会社ライズヴェール,,株式会社,千葉県,千葉市花見川区,作新台６丁目２０－２７,,12,102,2620045,,,,,,,2026-07-17,1,,,,,ライズヴェール,0
649,3040003030384,新規,0,2026-07-17,2026-07-17,ＡＩａｄｄｉｎ‐Ｊａｐａｎ合同会社,,合同会社,千葉県,鎌ケ谷市,南初富４丁目１９番１１－６号,,12,224,2730123,,,,,,,2026-07-17,1,,,,,アラジンジャパン,0
650,3040005023238,新規,0,2026-07-17,2026-07-17,農事組合法人東輝,,その他の設立登記法人,千葉県,香取郡多古町,南借当４５１番地,,12,347,2892253,,,,,,,2026-07-17,1,,,,,トウキ,0
657,3050005013849,新規,0,2026-07-17,2026-07-17,特定非営利活動法人ｑｋ　ｔａｌｋ,,その他の設立登記法人,茨城県,小美玉市,与沢８７番地,,08,236,3113416,,,,,,,2026-07-17,1,,,,,キューケートーク,0
659,3070001044276,新規,0,2026-07-17,2026-07-17,株式会社共有重設,,株式会社,群馬県,甘楽郡甘楽町,大字善慶寺１４４４番地７,,10,384,3702206,,,,,,,2026-07-17,1,,,,,キョウユウジュウセツ,0
660,3070001044326,新規,0,2026-07-17,2026-07-17,株式会社Ｋ’ｓエナジーソリューション,,株式会社,群馬県,前橋市,古市町２丁目８番地４三華ビル１０３,,10,201,3710844,,,,,,,2026-07-17,1,,,,,ケーズエナジーソリューション,0
696,3120001287844,新規,0,2026-07-17,2026-07-17,株式会社徹晏,,株式会社,大阪府,大阪市北区,梅田３丁目２番１２３号,,27,127,5300001,,,,,,,2026-07-17,1,,,,,テツアン,0
701,3120003033098,新規,0,2026-07-17,2026-07-17,合同会社Ｌｏｇｉｋａ,,合同会社,大阪府,大阪市北区,梅田１丁目１‐３大阪駅前第３ビル２９階１‐１‐１号室,,27,127,5300001,,,,,,,2026-07-17,1,,,,,ロギカ,0
702,3120003033107,新規,0,2026-07-17,2026-07-17,ＡｓｕＩｓｈｉｎ合同会社,,合同会社,大阪府,大阪市北区,梅田１丁目１番３号大阪駅前第３ビル１１階２号室,,27,127,5300001,,,,,,,2026-07-17,1,,,,,アスイシン,0
704,3120005025688,新規,0,2026-07-17,2026-07-17,医療法人政慶会,,その他の設立登記法人,大阪府,大阪市生野区,舎利寺２丁目１４番５号,,27,116,5440022,,,,,,,2026-07-17,1,,,,,セイケイカイ,0
705,3120101074085,新規,0,2026-07-17,2026-07-17,しあわせうさぎ株式会社,,株式会社,大阪府,藤井寺市,恵美坂１丁目１－４３－１０２,,27,226,5830036,,,,,,,2026-07-17,1,,,,,シアワセウサギ,0
711,3130001082591,新規,0,2026-07-17,2026-07-17,ＫＩＹＯＫＡ株式会社,,株式会社,京都府,木津川市,山城町上狛四丁町２４番,,26,214,6190204,,,,,,,2026-07-17,1,,,,,キヨカ,0
721,3140001143450,新規,0,2026-07-17,2026-07-17,三和総合株式会社,,株式会社,兵庫県,神戸市灘区,八幡町１丁目４番１号,,28,102,6570051,,,,,,,2026-07-17,1,,,,,サンワソウゴウ,0
727,3160003003857,新規,0,2026-07-17,2026-07-17,合同会社アンドギフト,,合同会社,滋賀県,大津市,梅林１丁目３番３０号フレンズビル３０１号室,,25,201,5200051,,,,,,,2026-07-17,1,,,,,アンドギフト,0
741,3210003002069,新規,0,2026-07-17,2026-07-17,合同会社Ｌｕｍｉｎａ　Ｆｒｏｎｔｉｅｒ,,合同会社,福井県,福井市,町屋２丁目１１番２５号,,18,201,9100002,,,,,,,2026-07-17,1,,,,,ルミナフロンティア,0
745,3240005016139,新規,0,2026-07-17,2026-07-17,一般社団法人日米相続土地記録センター,,その他の設立登記法人,広島県,広島市南区,西旭町１５番２１号１階,,34,103,7340002,,,,,,,2026-07-17,1,,,,,ニチベイソウゾクトチキロクセンター,0
747,3250001021760,新規,0,2026-07-17,2026-07-17,株式会社モヨ,,株式会社,山口県,宇部市,厚南中央３丁目８番４０－４号銭本アパート２０２号,,35,202,7590212,,,,,,,2026-07-17,1,,,,,モヨ,0
749,3260001041460,新規,0,2026-07-17,2026-07-17,株式会社知図,,株式会社,岡山県,岡山市北区,中山下１丁目１１番１５号新田第１ビル４０２,,33,101,7000821,,,,,,,2026-07-17,1,,,,,チズ,0
752,3270003001890,新規,0,2026-07-17,2026-07-17,合同会社ＷＯＲＬＤ,,合同会社,鳥取県,米子市,上福原２丁目２番８号アートハイツＣ棟２階３２２号室,,31,202,6830004,,,,,,,2026-07-17,1,,,,,,0
754,3290001114833,新規,0,2026-07-17,2026-07-17,株式会社ＣＡＮＰＬＵＳエンジニアリング,,株式会社,福岡県,福岡市博多区,上牟田１丁目５－２０,,40,132,8120006,,,,,,,2026-07-17,1,,,,,キャンプラスエンジニアリング,0
755,3290001114841,新規,0,2026-07-17,2026-07-17,株式会社くろぎ農機,,株式会社,福岡県,八女市,黒木町本分９００番地３,,40,210,8341213,,,,,,,2026-07-17,1,,,,,クロギノウキ,0
756,3290001114858,新規,0,2026-07-17,2026-07-17,ＯＯＤＡ株式会社,,株式会社,福岡県,那珂川市,中原３丁目１３８,,40,231,8111213,,,,,,,2026-07-17,1,,,,,ウーダ,0
763,3330003011677,新規,0,2026-07-17,2026-07-17,合同会社エムエスエム・コーポレーション,,合同会社,熊本県,熊本市中央区,手取本町３－８有明ビル４０３,,43,101,8600808,,,,,,,2026-07-17,1,,,,,エムエスエムコーポレーション,0
765,3340003005281,新規,0,2026-07-17,2026-07-17,合同会社やっほー,,合同会社,鹿児島県,薩摩川内市,国分寺町６８２６番地３,,46,215,8950073,,,,,,,2026-07-17,1,,,,,ヤッホー,0
795,3500001027039,新規,0,2026-07-17,2026-07-17,ファインフィルター株式会社,,株式会社,愛媛県,松山市,東石井６丁目１４番２０号,,38,201,7900932,,,,,,,2026-07-17,1,,,,,ファインフィルター,0
807,4010001267154,新規,0,2026-07-17,2026-07-17,株式会社ＨＡＲＡＫＡＭＩ,,株式会社,東京都,千代田区,神田須田町１丁目７番８号ＶＯＲＴ秋葉原ＩＶ２Ｆ,00144330,13,101,1010041,,,,,,,2026-07-17,1,,,,,ハラカミ,0
808,4010001267179,新規,0,2026-07-17,2026-07-17,株式会社ポンドメイカーズ,,株式会社,東京都,中央区,銀座１丁目２２番１１号銀座大竹ビジデンス２Ｆ,,13,102,1040061,,,,,,,2026-07-17,1,,,,,ポンドメイカーズ,0
809,4010001267212,新規,0,2026-07-17,2026-07-17,株式会社ＴＳＵＢＡＳＡ,,株式会社,東京都,千代田区,神田錦町２丁目９番地１５神田ＳＤＧｓコネクション３階,,13,101,1010054,,,,,,,2026-07-17,1,,,,,ツバサ,0
810,4010001267220,新規,0,2026-07-17,2026-07-17,ＳＡＣＡ　ＴＯＫＹＯ株式会社,,株式会社,東京都,中央区,築地４丁目２番７－６０１号,,13,102,1040045,,,,,,,2026-07-17,1,,,,,サカトウキョウ,0
811,4010001267286,新規,0,2026-07-17,2026-07-17,株式会社Ｓａｎｄｂｏｘ,,株式会社,東京都,千代田区,大手町１丁目１番１号大手町パークビルディング、アンダーソン・毛利・友常法律事務所外国法共同事業内,,13,101,1000004,,,,,,,2026-07-17,1,,,,,サンドボックス,0
812,4010001267311,新規,0,2026-07-17,2026-07-17,株式会社クリプトブリッジ,,株式会社,東京都,千代田区,神田佐久間町３丁目２１番地,,13,101,1010025,,,,,,,2026-07-17,1,,,,,クリプトブリッジ,0
813,4010001267336,新規,0,2026-07-17,2026-07-17,ＡｌｇｏＮｏｔｅ株式会社,,株式会社,東京都,千代田区,内幸町２丁目２番３号,,13,101,1000011,,,,,,,2026-07-17,1,,,,,アルゴノート,0
814,4010003052018,新規,0,2026-07-17,2026-07-17,合同会社Ｐｅａｒｌ,,合同会社,東京都,千代田区,麹町５丁目１番地９階成倫税理士法人内,,13,101,1020083,,,,,,,2026-07-17,1,,,,,パール,0
819,4010401200078,新規,0,2026-07-17,2026-07-17,ブリージ株式会社,,株式会社,東京都,港区,南青山２丁目２番１５号ＵＣＦ６階,,13,103,1070062,,,,,,,2026-07-17,1,,,,,ブリージ,0
820,4010401200441,新規,0,2026-07-17,2026-07-17,株式会社ＶＡＮＯＮ　ＩＮＴＥＲＮＡＴＩＯＮＡＬ,,株式会社,東京都,港区,麻布十番１丁目５番１０号アトラスビルＴＨＥＨＵＢ麻布十番６１８号室,,13,103,1060045,,,,,,,2026-07-17,1,,,,,ヴァノンインターナショナル,0
823,4010403038608,新規,0,2026-07-17,2026-07-17,合同会社スペース,,合同会社,東京都,港区,北青山１丁目２番３号,,13,103,1070061,,,,,,,2026-07-17,1,,,,,スペース,0
824,4010403038632,新規,0,2026-07-17,2026-07-17,合同会社岩崎アセットマネジメント,,合同会社,東京都,港区,南麻布４丁目５番６３号ラ・トゥール南麻布Ｄ６０１,,13,103,1060047,,,,,,,2026-07-17,1,,,,,イワサキアセットマネジメント,0
825,4010403038673,新規,0,2026-07-17,2026-07-17,写真館システムズ合同会社,,合同会社,東京都,港区,南青山３丁目１番３６号青山丸竹ビル６Ｆ,,13,103,1070062,,,,,,,2026-07-17,1,,,,,シャシンカンシステムズ,0
827,4010505003732,新規,0,2026-07-17,2026-07-17,一般社団法人教育データ研究所,,その他の設立登記法人,東京都,台東区,入谷１丁目２９番５号,,13,106,1100013,,,,,,,2026-07-17,1,,,,,キョウイクデータケンキュウジョ,0
828,4010601069553,新規,0,2026-07-17,2026-07-17,Ｗａｒｐ　Ｓｙｓｔｅｍｓ株式会社,,株式会社,東京都,江東区,北砂４丁目４０番１０号,,13,108,1360073,,,,,,,2026-07-17,1,,,,,ワープシステムズ,0
829,4010601069578,新規,0,2026-07-17,2026-07-17,株式会社砂町工務店,,株式会社,東京都,江東区,北砂１丁目１９番１６－２０３号,,13,108,1360073,,,,,,,2026-07-17,1,,,,,スナマチコウムテン,0
832,4010901059923,新規,0,2026-07-17,2026-07-17,ＨＪ　Ｐａｒｔｎｅｒｓ株式会社,,株式会社,東京都,世田谷区,成城２丁目１５―１３,,13,112,1570066,,,,,,,2026-07-17,1,,,,,エイチジェイパートナーズ,0
838,4011001178804,新規,0,2026-07-17,2026-07-17,Ｐｅｒｓｏｎａｌ東京株式会社,,株式会社,東京都,目黒区,鷹番１丁目５－２－２０３,,13,110,1520004,,,,,,,2026-07-17,1,,,,,パーソナルトウキョウ,0
839,4011001179208,新規,0,2026-07-17,2026-07-17,株式会社ＳＮＡパートナーズ,,株式会社,東京都,目黒区,鷹番１丁目６番３号,,13,110,1520004,,,,,,,2026-07-17,1,,,,,エスエヌエーパートナーズ,0
840,4011003024898,新規,0,2026-07-17,2026-07-17,合同会社Ｖｅｌｏｐｏｎｔ,,合同会社,東京都,渋谷区,道玄坂１丁目１０番８号渋谷道玄坂東急ビル２Ｆ－Ｃ,,13,113,1500043,,,,,,,2026-07-17,1,,,,,ベロポント,0
844,4011101116795,新規,0,2026-07-17,2026-07-17,株式会社ＴＲｅｅＳ,,株式会社,東京都,新宿区,西新宿３丁目３番１３号西新宿水間ビル２Ｆ,,13,104,1600023,,,,,,,2026-07-17,1,,,,,ツリーズ,0
845,4011101116837,新規,0,2026-07-17,2026-07-17,ＴＥＲＲＡ　Ｇｒｏｕｐ株式会社,,株式会社,東京都,新宿区,西新宿７丁目２２番３３号Ｐｏｌａｒ西新宿５階,,13,104,1600023,,,,,,,2026-07-17,1,,,,,テラグループ,0
847,4011103017736,新規,0,2026-07-17,2026-07-17,合同会社レノベ,,合同会社,東京都,新宿区,新宿２丁目１２番１３号新宿アントレサロンビル２階,,13,104,1600022,,,,,,,2026-07-17,1,,,,,レノベ,0
851,4011401028113,新規,0,2026-07-17,2026-07-17,旭グローバル商事株式会社,,株式会社,東京都,板橋区,双葉町８番５－３０１号中板第一マンション,,13,119,1730011,,,,,,,2026-07-17,1,,,,,アサヒグローバルショウジ,0
866,4012401044678,新規,0,2026-07-17,2026-07-17,株式会社ライトマネージメント,,株式会社,東京都,多摩市,鶴牧１丁目２５番地の２ヴィークステージ多摩センター１４０２,,13,224,2060034,,,,,,,2026-07-17,1,,,,,ライトマネージメント,0
868,4012701019553,新規,0,2026-07-17,2026-07-17,大栄興業株式会社,,株式会社,東京都,西東京市,芝久保町１丁目１８番３４号,,13,229,1880014,,,,,,,2026-07-17,1,,,,,ダイエイコウギョウ,0
869,4012801024866,新規,0,2026-07-17,2026-07-17,株式会社ｗｏｌｖｅｓ,,株式会社,東京都,国立市,中２丁目２２番地の２５,,13,215,1860004,,,,,,,2026-07-17,1,,,,,ウルブス,0
870,4012805003420,新規,0,2026-07-17,2026-07-17,一般社団法人物流共生ネットワーク,,その他の設立登記法人,東京都,立川市,曙町２丁目３８番５号立川ビジネスセンタービル１１階,00144327,13,202,1900012,,,,,,,2026-07-17,1,,,,,ブツリュウキョウセイネットワーク,0
872,4013301056499,新規,0,2026-07-17,2026-07-17,株式会社トライウェル,,株式会社,東京都,豊島区,池袋３丁目７１番１６号,,13,116,1710014,,,,,,,2026-07-17,1,,,,,トライウェル,0
873,4013305003885,新規,0,2026-07-17,2026-07-17,一般社団法人ＭＴＮ,,その他の設立登記法人,東京都,豊島区,駒込１丁目１０番１３号トーア駒込マンション３０２,,13,116,1700003,,,,,,,2026-07-17,1,,,,,エムティーエヌ,0
878,4020003031433,新規,0,2026-07-17,2026-07-17,合同会社ｕｎｄｅｒ‐ｂ,,合同会社,神奈川県,横浜市神奈川区,金港町５－１４クアドリフォリオ８階,,14,102,2210056,,,,,,,2026-07-17,1,,,,,アンダービー,0
879,4020003031458,新規,0,2026-07-17,2026-07-17,合同会社Ｏｎｅ　Ｉｓｓｕｅ,,合同会社,神奈川県,横浜市磯子区,中原２丁目１番１７－３０２号,,14,107,2350036,,,,,,,2026-07-17,1,,,,,ワンイシュー,0
880,4020003031474,新規,0,2026-07-17,2026-07-17,ＪＹＳ合同会社,,合同会社,神奈川県,横浜市金沢区,能見台５丁目１０番地５,,14,108,2360057,,,,,,,2026-07-17,1,,,,,ジェイワイエス,0
882,4021001088688,新規,0,2026-07-17,2026-07-17,株式会社ラ・ペルル,,株式会社,神奈川県,藤沢市,南藤沢１４番１２号千羽鶴２０１号室,,14,205,2510055,,,,,,,2026-07-17,1,,,,,ラペルル,0
883,4021001088705,新規,0,2026-07-17,2026-07-17,株式会社スインク＆ピース,,株式会社,神奈川県,茅ヶ崎市,茅ヶ崎２丁目４番１０－２０１号,,14,207,2530041,,,,,,,2026-07-17,1,,,,,スインクアンドピース,0
884,4021001088721,新規,0,2026-07-17,2026-07-17,Ｇｅｃｋｏ　Ｐｉｃｔｕｒｅｓ株式会社,,株式会社,神奈川県,三浦郡葉山町,堀内１２７２番地の１,,14,301,2400112,,,,,,,2026-07-17,1,,,,,ゲッコーピクチャーズ,0
885,4021001088754,新規,0,2026-07-17,2026-07-17,ソアーズ株式会社,,株式会社,神奈川県,鎌倉市,七里ガ浜東２丁目３４番７号,,14,204,2480025,,,,,,,2026-07-17,1,,,,,ソアーズ,0
886,4021003017686,新規,0,2026-07-17,2026-07-17,合同会社ＴＡＫＵＳＨＯＯ,,合同会社,神奈川県,相模原市南区,上鶴間２丁目２番１５号,,14,153,2520302,,,,,,,2026-07-17,1,,,,,タクショー,0
893,4030001173202,新規,0,2026-07-17,2026-07-17,春よし住宅株式会社,,株式会社,埼玉県,東松山市,松山町２丁目７番２３号,,11,212,3550018,,,,,,,2026-07-17,1,,,,,ハルヨシジュウタク,0
894,4030001173375,新規,0,2026-07-17,2026-07-17,株式会社ログ・サポート,,株式会社,埼玉県,所沢市,東住吉１１番１－１８０１号シティタワー所沢クラッシィ,,11,208,3591124,,,,,,,2026-07-17,1,,,,,ログサポート,0
895,4030003029666,新規,0,2026-07-17,2026-07-17,ユニットクラフト合同会社,,合同会社,埼玉県,朝霞市,仲町１丁目１番２７号８０１号室,,11,227,3510006,,,,,,,2026-07-17,1,,,,,ユニットクラフト,0
896,4030003029674,新規,0,2026-07-17,2026-07-17,合同会社ＫＲＩ,,合同会社,埼玉県,富士見市,西みずほ台３丁目６番地みずほ台団地６－１－４１０,,11,235,3540018,,,,,,,2026-07-17,1,,,,,ケーアールアイ,0
900,4040001144615,新規,0,2026-07-17,2026-07-17,株式会社Ｏｎ,,株式会社,千葉県,柏市,柏３丁目３－４小倉ビル２階Ｂ,,12,217,2770005,,,,,,,2026-07-17,1,,,,,オン,0
913,4070001044325,新規,0,2026-07-17,2026-07-17,株式会社輝龍,,株式会社,群馬県,前橋市,元総社町２丁目３０番地５クリエートヒルズ元総社１０２号,,10,201,3710846,,,,,,,2026-07-17,1,,,,,テル,0
924,4110001040278,新規,0,2026-07-17,2026-07-17,株式会社ＫＩＨＡＮＡ,,株式会社,新潟県,新潟市西区,小針１丁目５番２２号１,,15,107,9502022,,,,,,,2026-07-17,1,,,,,キハナ,0
926,4110003006236,新規,0,2026-07-17,2026-07-17,合同会社ＲＦＬＣＴ,,合同会社,新潟県,阿賀野市,保田４４５１番地１１,,15,223,9592221,,,,,,,2026-07-17,1,,,,,リフレクト,0
935,4120001287827,新規,0,2026-07-17,2026-07-17,株式会社フォリシアテクノロジーズ,,株式会社,大阪府,大阪市北区,中之島４丁目３番地５１号ＮａｋａｎｏｓｈｉｍａＱｒｏｓｓ８Ｆ,,27,127,5300005,,,,,,,2026-07-17,1,,,,,フォリシアテクノロジーズ,0
936,4120001287843,新規,0,2026-07-17,2026-07-17,株式会社Ｏｎｅ　Ｃｏｌｏｒ,,株式会社,大阪府,大阪市鶴見区,今津北５丁目１１番２１－２０１号,,27,124,5380041,,,,,,,2026-07-17,1,,,,,ワンカラー,0
941,4120005025687,新規,0,2026-07-17,2026-07-17,医療法人仁真会,,その他の設立登記法人,大阪府,大阪市西区,境川１丁目１番３１号境川メディカルセンタービル５階,,27,106,5500024,,,,,,,2026-07-17,1,,,,,ジンシンカイ,0
943,4120105010192,新規,0,2026-07-17,2026-07-17,一般社団法人すてきでサポート,,その他の設立登記法人,大阪府,堺市堺区,少林寺町東１丁１番２８号,,27,141,5900963,,,,,,,2026-07-17,1,,,,,ステキデサポート,0
945,4120903006318,新規,0,2026-07-17,2026-07-17,合同会社中島,,合同会社,大阪府,茨木市,中津町８番６号,,27,211,5670824,,,,,,,2026-07-17,1,,,,,ナカジマ,0
951,4130001082582,新規,0,2026-07-17,2026-07-17,株式会社ＳＡＩＫＹＯ,,株式会社,京都府,京都市山科区,日ノ岡鴨土町２４－３０８,,26,110,6078495,,,,,,,2026-07-17,1,,,,,サイキョウ,0
956,4140001143276,新規,0,2026-07-17,2026-07-17,株式会社Ｌｉｅｎ,,株式会社,兵庫県,宝塚市,すみれガ丘３丁目１番１号,,28,214,6650847,,,,,,,2026-07-17,1,,,,,リアン,0
957,4140001143441,新規,0,2026-07-17,2026-07-17,株式会社カレントファシリティ,,株式会社,兵庫県,神戸市垂水区,神陵台８丁目１４番１０号,,28,108,6550041,,,,,,,2026-07-17,1,,,,,カレントファシリティ,0
958,4140001143458,新規,0,2026-07-17,2026-07-17,ＢＢ　ＫＯＢＥ株式会社,,株式会社,兵庫県,神戸市兵庫区,中道通１丁目２－３,,28,105,6520801,,,,,,,2026-07-17,1,,,,,ビービーコウベ,0
977,4180001172800,新規,0,2026-07-17,2026-07-17,株式会社ユナイクス,,株式会社,愛知県,名古屋市中川区,野田１丁目５８３番地,,23,110,4540912,,,,,,,2026-07-17,1,,,,,ユナイクス,0
987,4190001033290,新規,0,2026-07-17,2026-07-17,テクニカルフード株式会社,,株式会社,三重県,津市,河辺町３０４５番地１３,,24,201,5140065,,,,,,,2026-07-17,1,,,,,テクニカルフード,0
991,4200001045276,新規,0,2026-07-17,2026-07-17,株式会社阜白,,株式会社,岐阜県,各務原市,前渡西町５丁目１４番地,,21,213,5040923,,,,,,,2026-07-17,1,,,,,フハク,0
997,4240003007849,新規,0,2026-07-17,2026-07-17,隆和資産管理合同会社,,合同会社,広島県,広島市西区,南観音町２４番１６－８０３号,,34,104,7330034,,,,,,,2026-07-17,1,,,,,リュウワシサンカンリ,0
1003,4260003005702,新規,0,2026-07-17,2026-07-17,合同会社ミライクリエイト,,合同会社,岡山県,真庭市,鹿田１３０９番地２,,33,214,7193152,,,,,,,2026-07-17,1,,,,,ミライクリエイト,0
1006,4290001114881,新規,0,2026-07-17,2026-07-17,ＭＡ‐ＳＡ株式会社,,株式会社,福岡県,福岡市博多区,博多駅南１丁目１５番２５－１００５号,,40,132,8120016,,,,,,,2026-07-17,1,,,,,マーサ,0
1011,4320001021819,新規,0,2026-07-17,2026-07-17,ＲＥＶＯＷ株式会社,,株式会社,大分県,大分市,日岡２丁目１番３２号,,44,201,8700914,,,,,,,2026-07-17,1,,,,,リヴォウ,0
1015,4330001034489,新規,0,2026-07-17,2026-07-17,株式会社ＲＳＣＯＭＰＡＮＹ,,株式会社,熊本県,八代市,高島町４６７９番地２,,43,202,8660014,,,,,,,2026-07-17,1,,,,,アールエスカンパニー,0
1016,4330003011676,新規,0,2026-07-17,2026-07-17,合同会社小川農場,,合同会社,熊本県,球磨郡あさぎり町,岡原南６１０番地９,,43,514,8680432,,,,,,,2026-07-17,1,,,,,オガワノウジョウ,0
1021,4350002019066,新規,0,2026-07-17,2026-07-17,有限会社池田精肉店,,有限会社,宮崎県,西都市,大字妻８４３番地１,,45,208,8810033,,,,,,,2026-07-17,1,,,,,イケダセイニクテン,0
1022,4350003005255,新規,0,2026-07-17,2026-07-17,合同会社Ｇｒａｎｄ,,合同会社,宮崎県,宮崎市,大字小松２５２－１５,,45,201,8802112,,,,,,,2026-07-17,1,,,,,グランド,0
1033,4430003019197,新規,0,2026-07-17,2026-07-17,合同会社わたぬき工房,,合同会社,北海道,札幌市中央区,南二条西５丁目３１‐１ＲＭＢｌｄ．７０１,,01,101,0600062,,,,,,,2026-07-17,1,,,,,ワタヌキコウボウ,0
1042,4500001027038,新規,0,2026-07-17,2026-07-17,そば宏株式会社,,株式会社,愛媛県,西条市,周布７０４番地１,,38,206,7991371,,,,,,,2026-07-17,1,,,,,ソバヒロ,0
1061,5010001267145,新規,0,2026-07-17,2026-07-17,株式会社もちはもちや,,株式会社,東京都,千代田区,平河町１丁目６番１５号ＵＳビル８Ｆ,,13,101,1020093,,,,,,,2026-07-17,1,,,,,モチハモチヤ,0
1062,5010001267178,新規,0,2026-07-17,2026-07-17,株式会社ＢＲＯＪ,,株式会社,東京都,中央区,銀座１丁目２２番１１号銀座大竹ビジデンス２Ｆ,,13,102,1040061,,,,,,,2026-07-17,1,,,,,ブロジェイ,0
1063,5010001267236,新規,0,2026-07-17,2026-07-17,株式会社ＹＵＲＵＲＵ,,株式会社,東京都,中央区,銀座１丁目１２番４号Ｎ＆Ｅ、ＢＬＤ．６Ｆ,,13,102,1040061,,,,,,,2026-07-17,1,,,,,ユルル,0
1064,5010001267244,新規,0,2026-07-17,2026-07-17,株式会社ＹＬＴジャパン,,株式会社,東京都,千代田区,神田淡路町１丁目１３番地２,,13,101,1010063,,,,,,,2026-07-17,1,,,,,ヤルトジャパン,0
1065,5010001267252,新規,0,2026-07-17,2026-07-17,Ｉ・Ｗ株式会社,,株式会社,東京都,中央区,銀座６丁目４番１８号３Ｆ,,13,102,1040061,,,,,,,2026-07-17,1,,,,,アイダブリュー,0
1066,5010001267351,新規,0,2026-07-17,2026-07-17,日本産業パートナーズホールディングス２株式会社,,株式会社,東京都,千代田区,丸の内２丁目１番１号,,13,101,1000005,,,,,,,2026-07-17,1,,,,,ニホンサンギョウパートナーズホールディングスツー,0
1070,5010101017326,新規,0,2026-07-17,2026-07-17,株式会社トードホールディングス,,株式会社,東京都,八王子市,台町４丁目２０番１１号,,13,201,1930931,,,,,,,2026-07-17,1,,,,,トードホールディングス,0
1078,5010401200028,新規,0,2026-07-17,2026-07-17,株式会社Ｑｕａｌｉａ,,株式会社,東京都,港区,南青山３丁目１番３６号青山丸竹ビル６Ｆ,,13,103,1070062,,,,,,,2026-07-17,1,,,,,クオリア,0
1080,5010403038532,新規,0,2026-07-17,2026-07-17,Ｍａｓａｌａ合同会社,,合同会社,東京都,港区,新橋２丁目２０番１５号新橋駅前ビル１号館６０１号室,,13,103,1050004,,,,,,,2026-07-17,1,,,,,マサラ,0
1081,5010403038607,新規,0,2026-07-17,2026-07-17,合同会社ゴールド,,合同会社,東京都,港区,北青山１丁目２番３号,,13,103,1070061,,,,,,,2026-07-17,1,,,,,ゴールド,0
1082,5010405025933,新規,0,2026-07-17,2026-07-17,一般社団法人アセット投資事業１３号,,その他の設立登記法人,東京都,港区,西新橋１丁目２番９号メンターキャピタル税理士法人内,,13,103,1050003,,,,,,,2026-07-17,1,,,,,アセットトウシジギョウジュウサンゴウ,0
1087,5010501056171,新規,0,2026-07-17,2026-07-17,ＣＲＥＳＣＥＮＴ株式会社,,株式会社,東京都,台東区,上野２丁目１２番４号４Ｆ,,13,106,1100005,,,,,,,2026-07-17,1,,,,,クレセント,0
1091,5010603012386,新規,0,2026-07-17,2026-07-17,合同会社イーストブルー,,合同会社,東京都,江東区,豊洲５丁目１番１３－２０２４号,,13,108,1350061,,,,,,,2026-07-17,1,,,,,イーストブルー,0
1100,5011001178902,新規,0,2026-07-17,2026-07-17,株式会社ＳＩＤＥ　ＢＯＵＮＣＥ,,株式会社,東京都,渋谷区,道玄坂１丁目１０番８号渋谷道玄坂東急ビル２Ｆ－Ｃ,,13,113,1500043,,,,,,,2026-07-17,1,,,,,サイドバウンス,0
1101,5011001179306,新規,0,2026-07-17,2026-07-17,株式会社カナオ,,株式会社,東京都,渋谷区,神宮前５丁目４７番９号Ｋ－プレイスＥＡＳＴ,,13,113,1500001,,,,,,,2026-07-17,1,,,,,カナオ,0
1103,5011003024897,新規,0,2026-07-17,2026-07-17,サプラボ合同会社,,合同会社,東京都,渋谷区,道玄坂１丁目１６－６二葉ビル８ｂ,,13,113,1500043,,,,,,,2026-07-17,1,,,,,サプラボ,0
1108,5011101116729,新規,0,2026-07-17,2026-07-17,株式会社きっかけ,,株式会社,東京都,新宿区,新小川町２番１１号双葉ビル２Ｆ,,13,104,1620814,,,,,,,2026-07-17,1,,,,,キッカケ,0
1109,5011101116786,新規,0,2026-07-17,2026-07-17,株式会社ＣＡＤＩＡ,,株式会社,東京都,新宿区,西新宿６丁目５番１号新宿アイランドタワー２階,,13,104,1600023,,,,,,,2026-07-17,1,,,,,キャディア,0
1110,5011103017537,新規,0,2026-07-17,2026-07-17,ＮａＲ合同会社,,合同会社,東京都,新宿区,四谷１丁目８番地１４号四谷一丁目ビル６階,,13,104,1600004,,,,,,,2026-07-17,1,,,,,ナール,0
1112,5011401028129,新規,0,2026-07-17,2026-07-17,株式会社ＢＯＴＡＮ企画,,株式会社,東京都,板橋区,大山西町５２－１６－９０１,,13,119,1730033,,,,,,,2026-07-17,1,,,,,ボタンキカク,0
1132,5013301056498,新規,0,2026-07-17,2026-07-17,株式会社ＡＷＡＱ,,株式会社,東京都,豊島区,東池袋３丁目１番１号サンシャイン６０、１２階,,13,116,1700013,,,,,,,2026-07-17,1,,,,,アウェイク,0
1133,5013301056515,新規,0,2026-07-17,2026-07-17,株式会社Ｍｕｌｌｉｇａｎ,,株式会社,東京都,豊島区,池袋２丁目１６－１２ウオマタビル４階,,13,116,1710014,,,,,,,2026-07-17,1,,,,,マリガン,0
1134,5013303008332,新規,0,2026-07-17,2026-07-17,コテツワンド合同会社,,合同会社,東京都,豊島区,西池袋２丁目８番９号シンディア１０２号,,13,116,1710021,,,,,,,2026-07-17,1,,,,,コテツワンド,0
1136,5020001169357,新規,0,2026-07-17,2026-07-17,イーエムトラスト株式会社,,株式会社,神奈川県,横浜市青葉区,鉄町５２２番地１,,14,117,2250025,,,,,,,2026-07-17,1,,,,,イーエムトラスト,0
1137,5020001169448,新規,0,2026-07-17,2026-07-17,株式会社Ｓ．Ｕ．Ｃ,,株式会社,神奈川県,横浜市港北区,綱島西１丁目２番１２号パークロード柿坂Ｂ１０３,,14,109,2230053,,,,,,,2026-07-17,1,,,,,エスユーシー,0
1138,5020001169588,新規,0,2026-07-17,2026-07-17,株式会社Ｃｒｅｓｃｅｎｔ　Ｈａｒｂｏｒ,,株式会社,神奈川県,横浜市神奈川区,金港町５－１４クアドリフォリオ８階,,14,102,2210056,,,,,,,2026-07-17,1,,,,,クレセントハーバー,0
1140,5020003031382,新規,0,2026-07-17,2026-07-17,Ｓ・Ｐ合同会社,,合同会社,神奈川県,横浜市南区,真金町２丁目２０－９朝日プラザ大通公園２０５,,14,105,2320021,,,,,,,2026-07-17,1,,,,,エスピー,0
1144,5021001088605,新規,0,2026-07-17,2026-07-17,株式会社ＰＬＡＮＯＢＬＵ,,株式会社,神奈川県,横須賀市,金谷２丁目１４番１－９０２号,,14,201,2380034,,,,,,,2026-07-17,1,,,,,プラノブルー,0
1145,5021001088613,新規,0,2026-07-17,2026-07-17,三新株式会社,,株式会社,神奈川県,藤沢市,葛原１０３５,,14,205,2520822,,,,,,,2026-07-17,1,,,,,サンシン,0
1146,5021001088670,新規,0,2026-07-17,2026-07-17,株式会社ＡＲＥＫ　ＨＯＬＤＩＮＧＳ,,株式会社,神奈川県,愛甲郡愛川町,春日台２丁目６番地の５,,14,401,2430302,,,,,,,2026-07-17,1,,,,,アレクホールディングス,0
1147,5021001088695,新規,0,2026-07-17,2026-07-17,菱山電気株式会社,,株式会社,神奈川県,相模原市緑区,下九沢２８６６番地２３,,14,151,2520134,,,,,,,2026-07-17,1,,,,,ヒシヤマデンキ,0
1148,5021001088720,新規,0,2026-07-17,2026-07-17,株式会社ＴＨＥ４ＫＩＮＤ,,株式会社,神奈川県,平塚市,紅谷町８番１６号サニープラザ平塚３Ｆ,,14,203,2540043,,,,,,,2026-07-17,1,,,,,ザフォーカインド,0
1149,5021001088745,新規,0,2026-07-17,2026-07-17,ＹＢＫホールディングス株式会社,,株式会社,神奈川県,高座郡寒川町,倉見２２６１番地２,,14,321,2530101,,,,,,,2026-07-17,1,,,,,ワイビーケーホールディングス,0
1150,5021003017685,新規,0,2026-07-17,2026-07-17,合同会社ＭＢＥ,,合同会社,神奈川県,鎌倉市,七里ガ浜東５丁目９－１７,,14,204,2480025,,,,,,,2026-07-17,1,,,,,,0
1151,5021003017719,新規,0,2026-07-17,2026-07-17,合同会社ＯＮＥ　ｌ’ｅｘｐｅｒｉｅｎｃｅ,,合同会社,神奈川県,海老名市,杉久保北５丁目１１番３号,,14,215,2430410,,,,,,,2026-07-17,1,,,,,ワンレクスペリエンス,0
1159,5030001173333,新規,0,2026-07-17,2026-07-17,株式会社春日建装,,株式会社,埼玉県,鶴ヶ島市,新町３丁目１２番地５,,11,241,3502227,,,,,,,2026-07-17,1,,,,,カスガケンソウ,0
1160,5030001173382,新規,0,2026-07-17,2026-07-17,株式会社ミズプランニング,,株式会社,埼玉県,ふじみ野市,亀久保１１５４番地２６大井ガーデン２０１,,11,245,3560051,,,,,,,2026-07-17,1,,,,,ミズプランニング,0
1163,5030003029665,新規,0,2026-07-17,2026-07-17,合同会社ら,,合同会社,埼玉県,秩父市,桜木町１９－１３,,11,207,3680025,,,,,,,2026-07-17,1,,,,,ラ,0
1167,5040001144465,新規,0,2026-07-17,2026-07-17,株式会社ＹＵＢＩＫＯ,,株式会社,千葉県,印旛郡酒々井町,上本佐倉１９１－１,,12,322,2850925,,,,,,,2026-07-17,1,,,,,ユビコ,0
1168,5040001144655,新規,0,2026-07-17,2026-07-17,株式会社ハナヨピ,,株式会社,千葉県,四街道市,千代田２丁目７番５号,,12,228,2840015,,,,,,,2026-07-17,1,,,,,ハナヨピ,0
1175,5060001039465,新規,0,2026-07-17,2026-07-17,株式会社ＣＲＯＷＮ,,株式会社,栃木県,栃木市,大平町西水代３０５９－１,,09,203,3294423,,,,,,,2026-07-17,1,,,,,クラウン,0
1177,5070001044308,新規,0,2026-07-17,2026-07-17,株式会社Ｎｅｘｔ　Ｄｒｅａｍ,,株式会社,群馬県,前橋市,下小出町２丁目２２番地１０ＭＳマンション１０１,,10,201,3710031,,,,,,,2026-07-17,1,,,,,ネクストドリーム,0
1178,5070001044324,新規,0,2026-07-17,2026-07-17,清水ホールディングス株式会社,,株式会社,群馬県,高崎市,上小塙町５７７番地４,,10,202,3700077,,,,,,,2026-07-17,1,,,,,シミズホールディングス,0
1183,5070003006504,新規,0,2026-07-17,2026-07-17,合同会社Ｔｅｒａｋｏｙａ　Ｏｔａ,,合同会社,群馬県,太田市,西本町６７番７号,,10,205,3730033,,,,,,,2026-07-17,1,,,,,テラコヤオオタ,0
1187,5080101026394,新規,0,2026-07-17,2026-07-17,Ｌｏａｍｉｍｏ株式会社,,株式会社,静岡県,富士市,天間８４１番地,,22,210,4190205,,,,,,,2026-07-17,1,,,,,ロアミモ,0
1188,5080101026411,新規,0,2026-07-17,2026-07-17,株式会社富愛戸,,株式会社,静岡県,伊東市,富戸５６９番地の１,,22,208,4130231,,,,,,,2026-07-17,1,,,,,ファイト,0
1201,5110003006235,新規,0,2026-07-17,2026-07-17,合同会社ＩＫＤ,,合同会社,新潟県,新潟市江南区,亀田緑町１丁目２番３７号,,15,104,9500152,,,,,,,2026-07-17,1,,,,,アイケイディ,0
1216,5120003033113,新規,0,2026-07-17,2026-07-17,合同会社ＮＥＸＵＳ,,合同会社,大阪府,大阪市北区,梅田１丁目２‐２大阪駅前第２ビル１２‐１２,,27,127,5300001,,,,,,,2026-07-17,1,,,,,ネクサス,0
1231,5130001082607,新規,0,2026-07-17,2026-07-17,株式会社ＳＨＩＲＡＫＡＷＡ,,株式会社,京都府,京都市南区,吉祥院蒔絵町２７番地の２－３Ｆ,,26,107,6018344,,,,,,,2026-07-17,1,,,,,シラカワ,0
1232,5130003011530,新規,0,2026-07-17,2026-07-17,合同会社善,,合同会社,京都府,京都市伏見区,羽束師菱川町４８７番地５,,26,109,6128487,,,,,,,2026-07-17,1,,,,,ゼン,0
1237,5140001143432,新規,0,2026-07-17,2026-07-17,株式会社ＲＡＤＩＡＮＴ,,株式会社,兵庫県,姫路市,御立中４丁目２番１３号,,28,201,6700073,,,,,,,2026-07-17,1,,,,,ラディアント,0
1238,5140001143440,新規,0,2026-07-17,2026-07-17,ＩＳ株式会社,,株式会社,兵庫県,川西市,出在家町７番１８号,,28,217,6660011,,,,,,,2026-07-17,1,,,,,アイエス,0
1242,5140003023871,新規,0,2026-07-17,2026-07-17,合同会社ともだち,,合同会社,兵庫県,神戸市北区,鈴蘭台北町６丁目１０番１５号,,28,109,6511111,,,,,,,2026-07-17,1,,,,,トモダチ,0
1259,5190005012166,新規,0,2026-07-17,2026-07-17,一般社団法人星咲会,,その他の設立登記法人,三重県,多気郡多気町,ヴィソン６７２番１ホテルヴィソン８階,,24,441,5192170,,,,,,,2026-07-17,1,,,,,セイショウカイ,0
1260,5200001045259,新規,0,2026-07-17,2026-07-17,株式会社ＦＵＪＩＢＡＮ,,株式会社,岐阜県,岐阜市,日野南７丁目７番７号,,21,201,5008212,,,,,,,2026-07-17,1,,,,,フジバン,0
1281,5310001020184,新規,0,2026-07-17,2026-07-17,株式会社コトノ葉工務店,,株式会社,長崎県,佐世保市,天満町２番１７号天満ビル１階,,42,202,8570043,,,,,,,2026-07-17,1,,,,,コトノハコウムテン,0
1288,5330001034488,新規,0,2026-07-17,2026-07-17,株式会社ＹＵＲＡＧＩ,,株式会社,熊本県,宇城市,不知火町御領２５４－１２,,43,213,8690551,,,,,,,2026-07-17,1,,,,,ユラギ,0
1309,5420001019595,新規,0,2026-07-17,2026-07-17,株式会社ＤＳＫ,,株式会社,青森県,八戸市,湊高台４丁目１３番２０号,,02,203,0310823,,,,,,,2026-07-17,1,,,,,ディーエスケー,0
1315,5430001097351,新規,0,2026-07-17,2026-07-17,株式会社白狐,,株式会社,北海道,札幌市中央区,南二条西５丁目３１‐１ＲＭＢｌｄ．７０１,,01,101,0600062,,,,,,,2026-07-17,1,,,,,ビャッコ,0
1316,5430003019188,新規,0,2026-07-17,2026-07-17,合同会社坂ノ上,,合同会社,北海道,札幌市豊平区,月寒西五条８丁目４番４号,,01,105,0620025,,,,,,,2026-07-17,1,,,,,サカノウエ,0
1320,5480003002453,新規,0,2026-07-17,2026-07-17,合同会社彩政,,合同会社,徳島県,板野郡藍住町,矢上字江ノ口１２５番地１カーサ・ボヌール２０３号,,36,403,7711253,,,,,,,2026-07-17,1,,,,,サイセイ,0
1336,6010001267292,新規,0,2026-07-17,2026-07-17,サンカブルーコア株式会社,,株式会社,東京都,中央区,八重洲２丁目１１番３号ＬＩＶＥＶＩＥＷ京橋１階,,13,102,1040028,,,,,,,2026-07-17,1,,,,,サンカブルーコア,0
1337,6010001267326,新規,0,2026-07-17,2026-07-17,株式会社ＡＭＫ,,株式会社,東京都,中央区,銀座１丁目２２番１１号銀座大竹ビジデンス２Ｆ,,13,102,1040061,,,,,,,2026-07-17,1,,,,,エーエムケー,0
1338,6010001267334,新規,0,2026-07-17,2026-07-17,ネクスティア株式会社,,株式会社,東京都,文京区,千石３丁目３６番１３－１０１号,,13,105,1120011,,,,,,,2026-07-17,1,,,,,ネクスティア,0
1339,6010001267342,新規,0,2026-07-17,2026-07-17,株式会社ライナー,,株式会社,東京都,千代田区,霞が関３丁目２番５号霞が関ビルディング５階,,13,101,1000013,,,,,,,2026-07-17,1,,,,,ライナー,0
1341,6010003052024,新規,0,2026-07-17,2026-07-17,合同会社火花１,,合同会社,東京都,千代田区,霞が関３丁目２番５号,,13,101,1000013,,,,,,,2026-07-17,1,,,,,ヒバナワン,0
1342,6010003052065,新規,0,2026-07-17,2026-07-17,ｎａｋｅｄ　Ｈｏｔｅｌ　Ｍａｎａｇｅｍｅｎｔ　Ｊａｐａｎ合同会社,,合同会社,東京都,千代田区,大手町２丁目６番４号ＴＯＫＹＯＴＯＲＣＨ常盤橋タワー２４Ｆ,,13,101,1000004,,,,,,,2026-07-17,1,,,,,ネイキッドホテルマネジメントジャパン,0
1343,6010003052073,新規,0,2026-07-17,2026-07-17,合同会社ＧＸＶＥゼロ号,,合同会社,東京都,中央区,銀座７丁目３番５号ヒューリック銀座７丁目ビル４階,,13,102,1040061,,,,,,,2026-07-17,1,,,,,ジーエックスブイイーゼロゴウ,0
1344,6010003052098,新規,0,2026-07-17,2026-07-17,ＴＪＥＤ合同会社,,合同会社,東京都,千代田区,神田神保町３丁目１１番６号神保町ビル１０階,,13,101,1010051,,,,,,,2026-07-17,1,,,,,ティージェッド,0
1349,6010401200101,新規,0,2026-07-17,2026-07-17,株式会社統合医療パートナーズ,,株式会社,東京都,港区,芝公園１丁目２番９号ＨＡＮＡＩビル６階,,13,103,1050011,,,,,,,2026-07-17,1,,,,,トウゴウイリョウパートナーズ,0
1350,6010401200340,新規,0,2026-07-17,2026-07-17,株式会社ＳＳホールディングス,,株式会社,東京都,港区,虎ノ門２丁目６番１号虎ノ門ヒルズステーションタワー１９階,,13,103,1050001,,,,,,,2026-07-17,1,,,,,エスエスホールディングス,0
1351,6010403038622,新規,0,2026-07-17,2026-07-17,合同会社日光所野蓄電所,,合同会社,東京都,港区,芝２丁目２番１２号１０階,,13,103,1050014,,,,,,,2026-07-17,1,,,,,ニッコウトコロノチクデンショ,0
1353,6010405025866,新規,0,2026-07-17,2026-07-17,一般社団法人ジャパンウェルビーイングアカデミー,,その他の設立登記法人,東京都,港区,北青山３丁目５番１７号,,13,103,1070061,,,,,,,2026-07-17,1,,,,,ジャパンウェルビーイングアカデミー,0
1356,6010603012385,新規,0,2026-07-17,2026-07-17,合同会社アクティブ,,合同会社,東京都,江東区,豊洲３丁目６番５－２９０５号,,13,108,1350061,,,,,,,2026-07-17,1,,,,,アクティブ,0
1358,6010703008399,新規,0,2026-07-17,2026-07-17,合同会社クラッチ,,合同会社,東京都,品川区,上大崎４丁目５－３７－１０６,,13,109,1410021,,,,,,,2026-07-17,1,,,,,クラッチ,0
1365,6011001178736,新規,0,2026-07-17,2026-07-17,株式会社ＯＭＯＲＯＫＵ,,株式会社,東京都,渋谷区,恵比寿西２丁目８番４号ＥＸ恵比寿西ビル５階,,13,113,1500021,,,,,,,2026-07-17,1,,,,,オモロク,0
1366,6011001179296,新規,0,2026-07-17,2026-07-17,株式会社ｏｄｅ　ｐｒｏｊｅｃｔ,,株式会社,東京都,目黒区,青葉台１丁目１４－４コントラル中目黒ＷＬ０４,,13,110,1530042,,,,,,,2026-07-17,1,,,,,オードプロジェクト,0
1368,6011101116760,新規,0,2026-07-17,2026-07-17,株式会社ＲＯＥＧＩＳ,,株式会社,東京都,新宿区,西新宿７丁目７番地３３号新銘ビル４階,,13,104,1600023,,,,,,,2026-07-17,1,,,,,ロイジス,0
1369,6011101116851,新規,0,2026-07-17,2026-07-17,株式会社ストラテアセット,,株式会社,東京都,新宿区,高田馬場２丁目１７番３－８１４号,,13,104,1690075,,,,,,,2026-07-17,1,,,,,ストラテアセット,0
1370,6011301031693,新規,0,2026-07-17,2026-07-17,株式会社栄驥,,株式会社,東京都,杉並区,桃井４丁目３番１３号４０１号室,,13,115,1670034,,,,,,,2026-07-17,1,,,,,エイキ,0
1372,6011401028136,新規,0,2026-07-17,2026-07-17,株式会社ＧＯＡＬＤ,,株式会社,東京都,板橋区,板橋３丁目３１番１２号清水方１０２,,13,119,1730004,,,,,,,2026-07-17,1,,,,,ゴールド,0
1381,6011703004677,新規,0,2026-07-17,2026-07-17,Ａ．Ｒ．Ｒ　Ｉｎｖｅｓｔｍｅｎｔ合同会社,,合同会社,東京都,江戸川区,東葛西１丁目９－９,,13,123,1340084,,,,,,,2026-07-17,1,,,,,エアールアールインベストメント,0
1388,6013301056464,新規,0,2026-07-17,2026-07-17,株式会社ＭＹＲＳホールディングス,,株式会社,東京都,豊島区,南池袋１丁目１１番１３号リフージュ・Ｉサウス４０１号,,13,116,1710022,,,,,,,2026-07-17,1,,,,,マーズホールディングス,0
1389,6013301056514,新規,0,2026-07-17,2026-07-17,株式会社ＡＬＴ,,株式会社,東京都,豊島区,東池袋２丁目６２番８号ＢＩＧオフィスプラザ池袋１２０６,,13,116,1700013,,,,,,,2026-07-17,1,,,,,,0
1397,6020003031282,新規,0,2026-07-17,2026-07-17,合同会社イチブンノイチ,,合同会社,神奈川県,横浜市青葉区,あざみ野南４丁目１２番地２６,,14,117,2250012,,,,,,,2026-07-17,1,,,,,イチブンノイチ,0
1403,6021001088620,新規,0,2026-07-17,2026-07-17,株式会社りんどう,,株式会社,神奈川県,平塚市,平塚１丁目９－１３,,14,203,2540052,,,,,,,2026-07-17,1,,,,,リンドウ,0
1404,6021001088686,新規,0,2026-07-17,2026-07-17,株式会社ナミノリズム,,株式会社,神奈川県,鎌倉市,長谷２丁目１番７号,,14,204,2480016,,,,,,,2026-07-17,1,,,,,ナミノリズム,0
1405,6021001088711,新規,0,2026-07-17,2026-07-17,株式会社齋藤設備,,株式会社,神奈川県,相模原市中央区,星が丘３丁目５番４－１号,,14,152,2520238,,,,,,,2026-07-17,1,,,,,サイトウセツビ,0
1406,6021001088752,新規,0,2026-07-17,2026-07-17,株式会社Ｒｏｕｎｄ　ａｎｄ　Ｒｏｕｎｄ,,株式会社,神奈川県,厚木市,旭町５丁目３４番１７号ドミール本厚木１０１号室,,14,212,2430014,,,,,,,2026-07-17,1,,,,,ラウンドアンドラウンド,0
1408,6021003017718,新規,0,2026-07-17,2026-07-17,Ａｌｏｈｉ合同会社,,合同会社,神奈川県,相模原市中央区,上溝７丁目１７番１９号１０１,,14,152,2520243,,,,,,,2026-07-17,1,,,,,アロヒ,0
1409,6021003017726,新規,0,2026-07-17,2026-07-17,ＢＩＧ　ＦＯＲＥＳＴ合同会社,,合同会社,神奈川県,相模原市緑区,相原３丁目２２番１０号,,14,151,2520141,,,,,,,2026-07-17,1,,,,,ビッグフォレスト,0
1454,6040001144489,新規,0,2026-07-17,2026-07-17,株式会社ＨＫＳ　Ｇｒｏｕｐ　Ｈｏｌｄｉｎｇｓ,,株式会社,千葉県,鎌ケ谷市,東道野辺３丁目１５番５５号,,12,224,2730115,,,,,,,2026-07-17,1,,,,,エイチケーエスグループホールディングス,0
1460,6050001058688,新規,0,2026-07-17,2026-07-17,株式会社蔵風土,,株式会社,茨城県,那珂市,鴻巣１２５７番地,,08,226,3110133,,,,,,,2026-07-17,1,,,,,クラフト,0
1465,6050003010259,新規,0,2026-07-17,2026-07-17,合同会社Ｗ,,合同会社,茨城県,稲敷市,沼田２６９０番地９,,08,229,3000506,,,,,,,2026-07-17,1,,,,,ダブリュー,0
1476,6080101026402,新規,0,2026-07-17,2026-07-17,株式会社ＶＩＶＡ　ＤＲＩＶＥ　ＪＡＰＡＮ,,株式会社,静岡県,御殿場市,新橋３８０－１,,22,215,4120043,,,,,,,2026-07-17,1,,,,,ヴィーヴァドライブジャパン,0
1481,6100001039848,新規,0,2026-07-17,2026-07-17,株式会社ＧＥＴ　ＩＴ,,株式会社,長野県,北佐久郡軽井沢町,大字軽井沢１０４７番地８４,,20,321,3890102,,,,,,,2026-07-17,1,,,,,ゲットイット,0
1482,6100003008850,新規,0,2026-07-17,2026-07-17,合同会社Ｍｔ．ＳＭＩＬＥ,,合同会社,長野県,北安曇郡白馬村,大字北城１４９２０－２６４,,20,485,3999301,,,,,,,2026-07-17,1,,,,,マウントスマイル,0
1499,6120003033112,新規,0,2026-07-17,2026-07-17,合同会社上村設備サービス,,合同会社,大阪府,大阪市旭区,大宮５丁目２番３１号,,27,117,5350002,,,,,,,2026-07-17,1,,,,,カミムラセツビサービス,0
1504,6120901052923,新規,0,2026-07-17,2026-07-17,株式会社ｓｏｕｒｉａｎｔ,,株式会社,大阪府,吹田市,南金田２丁目２５－１０－２０１,,27,205,5640044,,,,,,,2026-07-17,1,,,,,スリアン,0
1514,6130001082580,新規,0,2026-07-17,2026-07-17,株式会社エムズドライブキャリア,,株式会社,京都府,京都市左京区,下鴨東梅ノ木町１０番地,,26,103,6060852,,,,,,,2026-07-17,1,,,,,エムズドライブキャリア,0
1518,6130003011570,新規,0,2026-07-17,2026-07-17,ＫＳＤｅｓｉｇｎ合同会社,,合同会社,京都府,京田辺市,松井ケ丘３丁目２１番地９,,26,211,6100353,,,,,,,2026-07-17,1,,,,,ケイエスデザイン,0
1526,6140001143456,新規,0,2026-07-17,2026-07-17,株式会社スイフトブリッジ,,株式会社,兵庫県,神戸市中央区,磯辺通１丁目１番１８号カサベラ国際プラザビル７０７号室,,28,110,6510084,,,,,,,2026-07-17,1,,,,,スイフトブリッジ,0
1527,6140001143464,新規,0,2026-07-17,2026-07-17,株式会社ＫＩＮＧＺ,,株式会社,兵庫県,神戸市中央区,北長狭通１丁目７番４号ホワイトローズビル７Ｆ,,28,110,6500012,,,,,,,2026-07-17,1,,,,,キングス,0
1530,6140003023796,新規,0,2026-07-17,2026-07-17,Ｈａｐｐｙ　Ｏｃｅａｎ合同会社,,合同会社,兵庫県,尼崎市,南武庫之荘７丁目１５－１－５０８,,28,202,6610033,,,,,,,2026-07-17,1,,,,,ハッピーオーシャン,0
1531,6140003023862,新規,0,2026-07-17,2026-07-17,合同会社ＹＫ,,合同会社,兵庫県,神戸市長田区,大橋町３丁目２番４－９０４号,,28,106,6530037,,,,,,,2026-07-17,1,,,,,ワイケイ,0
1535,6160001027797,新規,0,2026-07-17,2026-07-17,株式会社エムウォール,,株式会社,滋賀県,近江八幡市,八木町字井ノ上４１番地の７,,25,204,5230051,,,,,,,2026-07-17,1,,,,,エムウォール,0
1539,6180001172724,新規,0,2026-07-17,2026-07-17,株式会社ＷＡＳホールディングス,,株式会社,愛知県,瀬戸市,西原町２丁目１番地１せと丸ビル１Ｆ,,23,204,4890972,,,,,,,2026-07-17,1,,,,,ワズホールディングス,0
1540,6180001172798,新規,0,2026-07-17,2026-07-17,株式会社ＫＭ　ｗｏｒｋｓ,,株式会社,愛知県,あま市,本郷花ノ木２３番地,,23,237,4901116,,,,,,,2026-07-17,1,,,,,ケーエムワークス,0
1542,6180003030517,新規,0,2026-07-17,2026-07-17,合同会社ＨＡＮＡ,,合同会社,愛知県,長久手市,東原山１１番地２セントアイナ藤が丘５２２号,,23,238,4801158,,,,,,,2026-07-17,1,,,,,ハナ,0
1543,6180003030566,新規,0,2026-07-17,2026-07-17,合同会社ペルセヴァン,,合同会社,愛知県,名古屋市中区,錦１丁目５―１１名古屋伊藤忠ビル４階,,23,106,4600003,,,,,,,2026-07-17,1,,,,,ペルセヴァン,0
1545,6180005021605,新規,0,2026-07-17,2026-07-17,特定非営利活動法人ヒューマンライフ・イノベーション,,その他の設立登記法人,愛知県,愛西市,町方町十二城５１番地１,,23,232,4968014,,,,,,,2026-07-17,1,,,,,ヒューマンライフイノベーション,0
1560,6220003004326,新規,0,2026-07-17,2026-07-17,合同会社ＮＯＲＴＨＥＤＧＥ,,合同会社,石川県,金沢市,此花町５番６号ライフ金沢第１ビル６０１Ａ,,17,201,9200852,,,,,,,2026-07-17,1,,,,,ノースエッジ,0
1565,6240001066804,新規,0,2026-07-17,2026-07-17,株式会社合同,,株式会社,広島県,福山市,手城町３丁目１４番１１－２号,,34,207,7210966,,,,,,,2026-07-17,1,,,,,ゴウドウ,0
1576,6290001114855,新規,0,2026-07-17,2026-07-17,株式会社ユナイトグローバルワークス,,株式会社,福岡県,福岡市博多区,博多駅前１丁目２３番２号ＰａｒｋＦｒｏｎｔ博多駅前１丁目５Ｆ－Ｂ,,40,132,8120011,,,,,,,2026-07-17,1,,,,,ユナイトグローバルワークス,0
1590,6380001036215,新規,0,2026-07-17,2026-07-17,株式会社弥栄工業,,株式会社,福島県,二本松市,上竹１丁目９１番地７,,07,210,9640912,,,,,,,2026-07-17,1,,,,,ヤエイコウギョウ,0
1596,6410001014547,新規,0,2026-07-17,2026-07-17,ユリノテック株式会社,,株式会社,秋田県,能代市,河戸川字中谷地６番地１１,,05,202,0160171,,,,,,,2026-07-17,1,,,,,ユリノテック,0
1601,6430001097367,新規,0,2026-07-17,2026-07-17,株式会社フラワカンパニー,,株式会社,北海道,札幌市南区,石山一条９丁目１番１８号,,01,106,0050841,,,,,,,2026-07-17,1,,,,,フラワカンパニー,0
1603,6430003019195,新規,0,2026-07-17,2026-07-17,合同会社ＨＹ,,合同会社,北海道,札幌市中央区,南六条西７丁目９Ｆｏｒｅｖｅｒ６‐７　４０１,,01,101,0640806,,,,,,,2026-07-17,1,,,,,エイチワイ,0
1612,6700150136690,新規,0,2026-07-17,2026-07-17,ｚｈｏｎｇｓｈａｎｘｉｎｙａｎｇｓｈｕｍａｋｅｊｉｙｏｕｘｉａｎｇｏｎｇｓｉ,,外国会社等,,,,,,,,Ｒｏｏｍ　５０１，５ｔｈ　Ｆｌｏｏｒ，Ｂｌｏｃｋ　Ｃ，Ｎｏ．１２　Ｘｉｎｇｔａｎｇ　１ｓｔ　Ｒｏａｄ，Ｂａｉｓｈｉ　Ｖｉｌｌａｇｅ，Ｓａｎｘｉａｎｇ　Ｔｏｗｎ，Ｚｈｏｎｇｓｈａｎ　Ｃｉｔｙ，Ｇｕａｎｇｄｏｎｇ　Ｐｒｏｖｉｎｃｅ，ＣＮ,,,,,,2026-07-17,1,,,,,ジョンシャンシンヤンスーマーカジケジユウゲンコウシ,0
1625,7010001266517,新規,0,2026-07-17,2026-07-17,株式会社三吉,,株式会社,東京都,中央区,日本橋浜町２丁目２９－２セブンスターマンション第一日本橋３０５号室,,13,102,1030007,,,,,,,2026-07-17,1,,,,,ミヨシ,0
1626,7010001267341,新規,0,2026-07-17,2026-07-17,株式会社ＩＴＧ‐Ｇホールディングス,,株式会社,東京都,千代田区,丸の内１丁目９番２号,,13,101,1000005,,,,,,,2026-07-17,1,,,,,アイティージージーホールディングス,0
1627,7010001267358,新規,0,2026-07-17,2026-07-17,Ａｅｍｅｔｏｓ株式会社,,株式会社,東京都,千代田区,丸の内１丁目８－３丸の内トラストタワー本館２０階,,13,101,1000005,,,,,,,2026-07-17,1,,,,,エメトス,0
1630,7010401200042,新規,0,2026-07-17,2026-07-17,株式会社ＣＹＲＡ,,株式会社,東京都,港区,南青山３丁目１番３６号青山丸竹ビル６Ｆ,,13,103,1070062,,,,,,,2026-07-17,1,,,,,サイラ,0
1631,7010401200091,新規,0,2026-07-17,2026-07-17,株式会社ＡＭＳ,,株式会社,東京都,港区,東麻布１丁目７－５－５０３,,13,103,1060044,,,,,,,2026-07-17,1,,,,,アムス,0
1632,7010401200141,新規,0,2026-07-17,2026-07-17,株式会社エルサワ,,株式会社,東京都,港区,北青山１丁目３－３三橋ビル３階,,13,103,1070061,,,,,,,2026-07-17,1,,,,,エルサワ,0
1635,7010403038621,新規,0,2026-07-17,2026-07-17,合同会社高山村蓄電所,,合同会社,東京都,港区,芝２丁目２番１２号１０階,,13,103,1050014,,,,,,,2026-07-17,1,,,,,タカヤマムラチクデンショ,0
1636,7010403038687,新規,0,2026-07-17,2026-07-17,合同会社ＺＥＮ,,合同会社,東京都,港区,東新橋１丁目１０番１－４００１号,,13,103,1050021,,,,,,,2026-07-17,1,,,,,ゼン,0
1640,7010601069484,新規,0,2026-07-17,2026-07-17,株式会社田代空調,,株式会社,東京都,墨田区,堤通１丁目５番８号エクセレントすみだ川７０１,,13,107,1310034,,,,,,,2026-07-17,1,,,,,タシロクウチョウ,0
1641,7010601069542,新規,0,2026-07-17,2026-07-17,株式会社ＳＴＡＮＤ　ＣＯＲＥ,,株式会社,東京都,墨田区,横川５丁目４番３－６０５号,,13,107,1300003,,,,,,,2026-07-17,1,,,,,スタンドコア,0
1645,7010703008398,新規,0,2026-07-17,2026-07-17,海合同会社,,合同会社,東京都,品川区,小山５丁目５番６号,,13,109,1420062,,,,,,,2026-07-17,1,,,,,ウミ,0
1652,7011001179147,新規,0,2026-07-17,2026-07-17,株式会社クロスブリッジ,,株式会社,東京都,渋谷区,渋谷２丁目１９番１５号宮益坂ビルディング６０９,,13,113,1500002,,,,,,,2026-07-17,1,,,,,クロスブリッジ,0
1653,7011001179312,新規,0,2026-07-17,2026-07-17,ＦＯＵＮＤＥＲＡ株式会社,,株式会社,東京都,渋谷区,恵比寿西１丁目１６番２号恵比寿フラワーマンション６階Ｂ号室,,13,113,1500021,,,,,,,2026-07-17,1,,,,,ファウンデラ,0
1654,7011001179320,新規,0,2026-07-17,2026-07-17,株式会社Ｊｒｏｏｆｙ,,株式会社,東京都,渋谷区,東１丁目２６番３２号,,13,113,1500011,,,,,,,2026-07-17,1,,,,,ジェイルーフィー,0
1657,7011101116669,新規,0,2026-07-17,2026-07-17,株式会社ウェイヴス,,株式会社,東京都,新宿区,西新宿３丁目３番１３号西新宿水間ビル６階,,13,104,1600023,,,,,,,2026-07-17,1,,,,,ウェイヴス,0
1658,7011101116751,新規,0,2026-07-17,2026-07-17,株式会社ケーミー・ミュージックエンタテインメント,,株式会社,東京都,新宿区,神楽坂２丁目１０番地２２,,13,104,1620825,,,,,,,2026-07-17,1,,,,,ケーミーミュージックエンタテインメント,0
1659,7011101116768,新規,0,2026-07-17,2026-07-17,株式会社旭地所,,株式会社,東京都,新宿区,下宮比町２番２８－４１５号,,13,104,1620822,,,,,,,2026-07-17,1,,,,,アサヒジショ,0
1660,7011101116834,新規,0,2026-07-17,2026-07-17,株式会社メジュール,,株式会社,東京都,新宿区,西五軒町１番６号,,13,104,1620812,,,,,,,2026-07-17,1,,,,,メジュール,0
1662,7011103017279,新規,0,2026-07-17,2026-07-17,合同会社Ｚｅｎ　Ｇｌｏｂａｌ　Ｎｅｔｗｏｒｋ,,合同会社,東京都,新宿区,西新宿６丁目５－１新宿アイランドタワー２７Ｆ,,13,104,1600023,,,,,,,2026-07-17,1,,,,,ゼングローバルネットワーク,0
1672,7011503007045,新規,0,2026-07-17,2026-07-17,合同会社ウラノバ,,合同会社,東京都,北区,豊島１丁目２０番１－３０２号高橋荘,00144331,13,117,1140003,,,,,,,2026-07-17,1,,,,,ウラノバ,0
1674,7011703004684,新規,0,2026-07-17,2026-07-17,合同会社ＧＥＡＲ,,合同会社,東京都,江戸川区,瑞江２丁目５番３号グレイス瑞江２Ｆ,,13,123,1320011,,,,,,,2026-07-17,1,,,,,ギア,0
1680,7012401044667,新規,0,2026-07-17,2026-07-17,株式会社ＮＡＥＲＵ,,株式会社,東京都,多摩市,中沢２丁目３番地１ライオンズマンション多摩センター３０２号,,13,224,2060036,,,,,,,2026-07-17,1,,,,,ナエル,0
1681,7012401044675,新規,0,2026-07-17,2026-07-17,株式会社Ｃｌｏｓｒ．,,株式会社,東京都,府中市,四谷４丁目１２番地の１６,,13,206,1830035,,,,,,,2026-07-17,1,,,,,クローザ,0
1687,7013301056513,新規,0,2026-07-17,2026-07-17,株式会社ＹＬパートナーズ,,株式会社,東京都,豊島区,高田２丁目５番２６号,,13,116,1710033,,,,,,,2026-07-17,1,,,,,ワイエルパートナーズ,0
1688,7013303008322,新規,0,2026-07-17,2026-07-17,合同会社ギークハウス,,合同会社,東京都,豊島区,上池袋１丁目９番８号,,13,116,1700012,,,,,,,2026-07-17,1,,,,,ギークハウス,0
1689,7013303008339,新規,0,2026-07-17,2026-07-17,ＴＲＩＳＫＥＬＥ合同会社,,合同会社,東京都,豊島区,東池袋２丁目６２番８号ＢＩＧオフィスプラザ池袋１２０６,,13,116,1700013,,,,,,,2026-07-17,1,,,,,トリスケール,0
1695,7020001169470,新規,0,2026-07-17,2026-07-17,株式会社アルベラータ,,株式会社,神奈川県,横浜市都筑区,佐江戸町５２５番地,,14,118,2240054,,,,,,,2026-07-17,1,,,,,アルベラータ,0
1698,7020003031439,新規,0,2026-07-17,2026-07-17,ＡＹＲＫ合同会社,,合同会社,神奈川県,横浜市都筑区,荏田南４丁目２５番２５号,,14,118,2240007,,,,,,,2026-07-17,1,,,,,アーク,0
1701,7021001088710,新規,0,2026-07-17,2026-07-17,アセットホーム株式会社,,株式会社,神奈川県,平塚市,明石町１６番１８号,,14,203,2540042,,,,,,,2026-07-17,1,,,,,アセットホーム,0
1702,7021001088727,新規,0,2026-07-17,2026-07-17,ａｐｉｏ株式会社,,株式会社,神奈川県,相模原市南区,磯部２２番地６,,14,153,2520327,,,,,,,2026-07-17,1,,,,,アピオ,0
1703,7021001088743,新規,0,2026-07-17,2026-07-17,株式会社オーニス,,株式会社,神奈川県,秦野市,上大槻６４２番地,,14,211,2570005,,,,,,,2026-07-17,1,,,,,オーニス,0
1704,7021001088751,新規,0,2026-07-17,2026-07-17,株式会社Ｓｅｃｏｎｄ　Ｇａｒｄｅｎ,,株式会社,神奈川県,藤沢市,藤沢４丁目１１番１３号,,14,205,2510052,,,,,,,2026-07-17,1,,,,,セカンドガーデン,0
1705,7021001088776,新規,0,2026-07-17,2026-07-17,ビズテラス株式会社,,株式会社,神奈川県,海老名市,上今泉３丁目２番３３号,,14,215,2430431,,,,,,,2026-07-17,1,,,,,ビズテラス,0
1707,7021003017725,新規,0,2026-07-17,2026-07-17,合同会社ＡＫＨ,,合同会社,神奈川県,逗子市,小坪１丁目１０番３号,,14,208,2490008,,,,,,,2026-07-17,1,,,,,エーケーエイチ,0
1708,7021005013664,新規,0,2026-07-17,2026-07-17,特定非営利活動法人里地創生プロジェクト,,その他の設立登記法人,神奈川県,相模原市緑区,吉野８５１番地１９,,14,151,2520183,,,,,,,2026-07-17,1,,,,,サトチソウセイプロジェクト,0
1711,7030001173380,新規,0,2026-07-17,2026-07-17,株式会社ｇｌｏｗ,,株式会社,埼玉県,川越市,大字古谷上５５２７番地５,,11,201,3500001,,,,,,,2026-07-17,1,,,,,グロー,0
1720,7040001144331,新規,0,2026-07-17,2026-07-17,株式会社サヤマル,,株式会社,千葉県,船橋市,藤原７丁目３－１東信馬込沢ビル３Ｆ,,12,204,2730047,,,,,,,2026-07-17,1,,,,,サヤマル,0
1721,7040001144463,新規,0,2026-07-17,2026-07-17,株式会社Ｎグループ,,株式会社,千葉県,木更津市,中里５３２番地パレスジェリカ３－Ａ２０３,,12,206,2920064,,,,,,,2026-07-17,1,,,,,エヌグループ,0
1725,7040003030348,新規,0,2026-07-17,2026-07-17,Ｍブランディング＆マーケティング合同会社,,合同会社,千葉県,千葉市美浜区,若葉３丁目１－１９－２０１１,,12,106,2610014,,,,,,,2026-07-17,1,,,,,エムブランディングアンドマーケティング,0
1726,7040003030356,新規,0,2026-07-17,2026-07-17,合同会社ピース,,合同会社,千葉県,松戸市,八ケ崎３丁目４７番地の２,,12,207,2700023,,,,,,,2026-07-17,1,,,,,ピース,0
1729,7050001058695,新規,0,2026-07-17,2026-07-17,株式会社ＡＮＮ　ＫＩＴＣＨＥＮ,,株式会社,茨城県,守谷市,鈴塚３０１番地の１０,,08,224,3020126,,,,,,,2026-07-17,1,,,,,アンキッチン,0
1749,7120001287923,新規,0,2026-07-17,2026-07-17,株式会社ＴＨ２,,株式会社,大阪府,大阪市中央区,西心斎橋１丁目１２番２３－８０４号,,27,128,5420086,,,,,,,2026-07-17,1,,,,,ティーエイチツー,0
1750,7120001287931,新規,0,2026-07-17,2026-07-17,株式会社ＡＬＬＳＴＡＲ,,株式会社,大阪府,大阪市中央区,心斎橋筋２丁目７番１１号,,27,128,5420085,,,,,,,2026-07-17,1,,,,,オールスター,0
1751,7120001287980,新規,0,2026-07-17,2026-07-17,株式会社ＳＴＥＰＩＡ,,株式会社,大阪府,大阪市西成区,梅南３丁目３‐２８グランパシフィック花園Ｌｕｘｅ５０８号室,,27,122,5570033,,,,,,,2026-07-17,1,,,,,ステピア,0
1756,7120003033086,新規,0,2026-07-17,2026-07-17,ＴＫ合同会社,,合同会社,大阪府,大阪市平野区,長吉出戸３丁目２番４５コートヴィラージュ平野１０６号,,27,126,5470011,,,,,,,2026-07-17,1,,,,,ティーケー,0
1769,7122005003901,新規,0,2026-07-17,2026-07-17,医療法人莉心会,,その他の設立登記法人,大阪府,東大阪市,岩田町３丁目１２番３１号しみず若江岩田ビル１階・２階,,27,227,5780941,,,,,,,2026-07-17,1,,,,,リシンカイ,0
1777,7130001082588,新規,0,2026-07-17,2026-07-17,株式会社あぐり亀岡まちづくりセンター,,株式会社,京都府,亀岡市,余部町天神又１３番地１,,26,206,6210806,,,,,,,2026-07-17,1,,,,,アグリカメオカマチヅクリセンター,0
1778,7130003011512,新規,0,2026-07-17,2026-07-17,合同会社ＫＯＹＡ,,合同会社,京都府,京都市右京区,西京極北大入町６０番地４０３,,26,108,6150881,,,,,,,2026-07-17,1,,,,,コウヤ,0
1788,7140001143455,新規,0,2026-07-17,2026-07-17,株式会社ベアフィールド,,株式会社,兵庫県,神戸市東灘区,御影郡家２丁目３番７号,,28,101,6580048,,,,,,,2026-07-17,1,,,,,ベアフィールド,0
1789,7140001143463,新規,0,2026-07-17,2026-07-17,株式会社Ｙ’ｓ　Ａｉｒ,,株式会社,兵庫県,神戸市東灘区,青木５丁目１４番１５号,,28,101,6580027,,,,,,,2026-07-17,1,,,,,ワイズエアー,0
1792,7140003023878,新規,0,2026-07-17,2026-07-17,Ｄ’ＬＥＯＮ合同会社,,合同会社,兵庫県,姫路市,広畑区東新町３丁目１１４番地ポレポレ夢前川４０２,,28,201,6711121,,,,,,,2026-07-17,1,,,,,デレオン,0
1793,7150005009809,新規,0,2026-07-17,2026-07-17,一般社団法人ＨＯＯＰ,,その他の設立登記法人,奈良県,橿原市,南妙法寺町４２番地の１１,,29,205,6340052,,,,,,,2026-07-17,1,,,,,フープ,0
1794,7180001172582,新規,0,2026-07-17,2026-07-17,株式会社ＶＥＬＯＣＩＴＹ　ＰＩＣＴＵＲＥＳ,,株式会社,愛知県,名古屋市中川区,西中島２丁目４０１番地,,23,110,4540934,,,,,,,2026-07-17,1,,,,,ヴェロシティピクチャーズ,0
1797,7180003030532,新規,0,2026-07-17,2026-07-17,合同会社絲,,合同会社,愛知県,名古屋市中区,新栄２丁目１９番３号ＡＨビル９０７号,,23,106,4600007,,,,,,,2026-07-17,1,,,,,イト,0
1798,7180005021620,新規,0,2026-07-17,2026-07-17,一般社団法人カナデリア．,,その他の設立登記法人,愛知県,名古屋市北区,若葉通５丁目１８番地の３,,23,103,4620854,,,,,,,2026-07-17,1,,,,,カナデリアドット,0
1810,7200001045273,新規,0,2026-07-17,2026-07-17,株式会社塗装屋いわい,,株式会社,岐阜県,可児市,東帷子１１１１番地１６レオパレスＴＡＫＡ２１０,,21,214,5090256,,,,,,,2026-07-17,1,,,,,トソウヤイワイ,0
1820,7250001021757,新規,0,2026-07-17,2026-07-17,株式会社Ｋｉｔｃｈｅｎ　ＳＵＮＵＫＩＣＨＩ,,株式会社,山口県,防府市,石が口２丁目６番２号,,35,206,7470806,,,,,,,2026-07-17,1,,,,,キッチンスヌキチ,0
1831,7310005008918,新規,0,2026-07-17,2026-07-17,一般社団法人長崎出島まちづくり研究所,,その他の設立登記法人,長崎県,長崎市,出島町２番１１号,,42,201,8500862,,,,,,,2026-07-17,1,,,,,ナガサキデジママチヅクリケンキュウショ,0
1836,7330001034486,新規,0,2026-07-17,2026-07-17,人剤の青山株式会社,,株式会社,熊本県,熊本市中央区,黒髪５丁目３６番３４号,,43,101,8600862,,,,,,,2026-07-17,1,,,,,ジンザイノアオヤマ,0
1842,7340001028314,新規,0,2026-07-17,2026-07-17,株式会社ｔＺＥＲＯ　ｃｒｅａｔｅ,,株式会社,鹿児島県,鹿児島市,樋之口町１０番４２号樋之口ハイツ３０８号,00144325,46,201,8920845,,,,,,,2026-07-17,1,,,,,ゼロクリエイト,0
1857,7430003019186,新規,0,2026-07-17,2026-07-17,ポートランド合同会社,,合同会社,北海道,勇払郡安平町,追分本町６丁目２９番地,,01,585,0591911,,,,,,,2026-07-17,1,,,,,ポートランド,0
1859,7450003002842,新規,0,2026-07-17,2026-07-17,合同会社林林業,,合同会社,北海道,上川郡当麻町,北星３区,,01,454,0781334,,,,,,,2026-07-17,1,,,,,ハヤシリンギョウ,0
1862,7470001021339,新規,0,2026-07-17,2026-07-17,株式会社翼興業,,株式会社,香川県,坂出市,小山町１番１０６号,,37,203,7620026,,,,,,,2026-07-17,1,,,,,,0
1878,8010001266771,新規,0,2026-07-17,2026-07-17,株式会社Ｎａ．Ｋｏ．,,株式会社,東京都,中央区,築地３丁目７－１１ＣＵＢＥＴＳＵＫＩＪＩ５Ｆ,,13,102,1040045,,,,,,,2026-07-17,1,,,,,ナーコー,0
1879,8010001266953,新規,0,2026-07-17,2026-07-17,ＢＥＮＡ　ＨＯＭＥ株式会社,,株式会社,東京都,文京区,千石４丁目１４番９号,,13,105,1120011,,,,,,,2026-07-17,1,,,,,ベナホーム,0
1880,8010001267241,新規,0,2026-07-17,2026-07-17,株式会社電共連,,株式会社,東京都,中央区,銀座１丁目１２番４号Ｎ＆ＥＢＬＤ．６Ｆ,,13,102,1040061,,,,,,,2026-07-17,1,,,,,デンキョウレン,0
1881,8010001267282,新規,0,2026-07-17,2026-07-17,武ダリテール株式会社,,株式会社,東京都,中央区,明石町８番１号聖路加タワー,,13,102,1040044,,,,,,,2026-07-17,1,,,,,タケダリテール,0
1882,8010001267299,新規,0,2026-07-17,2026-07-17,株式会社ＯＮＯＶＡ,,株式会社,東京都,中央区,勝どき４丁目６番２－２７１９号,,13,102,1040054,,,,,,,2026-07-17,1,,,,,オノヴァ,0
1883,8010001267324,新規,0,2026-07-17,2026-07-17,株式会社ダルチェントロ,,株式会社,東京都,中央区,築地７丁目１０番１０号,,13,102,1040045,,,,,,,2026-07-17,1,,,,,ダルチェントロ,0
1885,8010003052063,新規,0,2026-07-17,2026-07-17,ライフ合同会社,,合同会社,東京都,文京区,湯島４丁目５番１６号,,13,105,1130034,,,,,,,2026-07-17,1,,,,,ライフ,0
1891,8010401200033,新規,0,2026-07-17,2026-07-17,経世済民株式会社,,株式会社,東京都,港区,港南４丁目６番４－９０２号,,13,103,1080075,,,,,,,2026-07-17,1,,,,,ケイセイサイミン,0
1892,8010401200108,新規,0,2026-07-17,2026-07-17,株式会社Ｓｉｇｎａｌ　Ｌａｂ,,株式会社,東京都,港区,六本木３丁目２番１号,,13,103,1060032,,,,,,,2026-07-17,1,,,,,シグナルラボ,0
1893,8010401200140,新規,0,2026-07-17,2026-07-17,株式会社エー・エス・ティー,,株式会社,東京都,港区,芝４丁目２番８号,,13,103,1080014,,,,,,,2026-07-17,1,,,,,エーエスティー,0
1894,8010401200264,新規,0,2026-07-17,2026-07-17,ウパル株式会社,,株式会社,東京都,港区,北青山１丁目３番１号アールキューブ青山３階,,13,103,1070061,,,,,,,2026-07-17,1,,,,,ウパル,0
1895,8010401200339,新規,0,2026-07-17,2026-07-17,株式会社Ｓｈｅｌｌ,,株式会社,東京都,港区,虎ノ門２丁目６番１号虎ノ門ヒルズステーションタワー１９階,,13,103,1050001,,,,,,,2026-07-17,1,,,,,シェル,0
1896,8010403038595,新規,0,2026-07-17,2026-07-17,合同会社アセット投資事業１３号,,合同会社,東京都,港区,西新橋１丁目２番９号メンターキャピタル税理士法人内,,13,103,1050003,,,,,,,2026-07-17,1,,,,,アセットトウシジギョウジュウサンゴウ,0
1897,8010403038620,新規,0,2026-07-17,2026-07-17,合同会社西伊豆蓄電所,,合同会社,東京都,港区,芝２丁目２番１２号１０階,,13,103,1050014,,,,,,,2026-07-17,1,,,,,ニシイズチクデンショ,0
1898,8010405025856,新規,0,2026-07-17,2026-07-17,一般社団法人セールスパートナー協会,,その他の設立登記法人,東京都,港区,高輪４丁目１８番２０号コトー高輪１０２号,,13,103,1080074,,,,,,,2026-07-17,1,,,,,セールスパートナーキョウカイ,0
1904,8010703008397,新規,0,2026-07-17,2026-07-17,合同会社Ｌｉｆｅ　ｄｅｓｉｇｎ　ＮＯＭＯ,,合同会社,東京都,品川区,東五反田２丁目４番６－１１０５号,,13,109,1410022,,,,,,,2026-07-17,1,,,,,ライフデザインノモ,0
1915,8011001179212,新規,0,2026-07-17,2026-07-17,Ｗｈａｌｅ　Ｓｔｕｄｉｏ株式会社,,株式会社,東京都,渋谷区,円山町１５番１４－３０１号,,13,113,1500044,,,,,,,2026-07-17,1,,,,,ホエールスタジオ,0
1916,8011001179253,新規,0,2026-07-17,2026-07-17,ｎｅｋｏ　ｐｕｎｃｈ株式会社,,株式会社,東京都,渋谷区,道玄坂１丁目１０番８号渋谷道玄坂東急ビル２Ｆ－Ｃ,,13,113,1500043,,,,,,,2026-07-17,1,,,,,ネコパンチ,0
1917,8011001179286,新規,0,2026-07-17,2026-07-17,ＯＦＦＩＣＥ　ＴＴ株式会社,,株式会社,東京都,目黒区,洗足２丁目２６番１６号ｔｈｅｔｒｉａｓｓｅｎｚｏｋｕ,,13,110,1520012,,,,,,,2026-07-17,1,,,,,オフィスティーティー,0
1918,8011003024853,新規,0,2026-07-17,2026-07-17,合同会社Ｒ　Ｐｌｕｓ　Ｗｅａｌｔｈ,,合同会社,東京都,目黒区,中目黒１丁目８番３－２０９号,,13,110,1530061,,,,,,,2026-07-17,1,,,,,アールプラスウエルス,0
1921,8011101116767,新規,0,2026-07-17,2026-07-17,株式会社テクノブレイク,,株式会社,東京都,新宿区,西新宿６丁目５－１新宿アイランドタワー２７Ｆ,,13,104,1600023,,,,,,,2026-07-17,1,,,,,テクノブレイク,0
1922,8011103017278,新規,0,2026-07-17,2026-07-17,合同会社Ｚｅｎ　Ｉｎｔｅｌｌｉｇｅｎｔ　Ｓｙｓｔｅｍｓ,,合同会社,東京都,新宿区,西新宿３丁目７－１新宿パークタワー３０Ｆ,,13,104,1600023,,,,,,,2026-07-17,1,,,,,ゼンインテリジェントシステムズ,0
1923,8011103017740,新規,0,2026-07-17,2026-07-17,合同会社リスター,,合同会社,東京都,新宿区,西新宿６丁目１５－１セントラルパークタワーラ・トゥール新宿６０５,,13,104,1600023,,,,,,,2026-07-17,1,,,,,リスター,0
1933,8011503007044,新規,0,2026-07-17,2026-07-17,Ｔ３企画合同会社,,合同会社,東京都,荒川区,荒川１丁目４３番２－２０８号,,13,118,1160002,,,,,,,2026-07-17,1,,,,,ティースリーキカク,0
1935,8011701029583,新規,0,2026-07-17,2026-07-17,株式会社光聞堂,,株式会社,東京都,江戸川区,平井４丁目９番４号ＥＫビル１０１,,13,123,1320035,,,,,,,2026-07-17,1,,,,,コウブンドウ,0
1937,8011703004683,新規,0,2026-07-17,2026-07-17,合同会社ＬＵＮＡＤＥＩＮ,,合同会社,東京都,江戸川区,東葛西７丁目１２－１４鳴辰館ＩＩ１０２号,00144332,13,123,1340084,,,,,,,2026-07-17,1,,,,,ルナデイン,0
1942,8012401044690,新規,0,2026-07-17,2026-07-17,株式会社アイムヒア,,株式会社,東京都,府中市,宮町２丁目１１番２１号,,13,206,1830023,,,,,,,2026-07-17,1,,,,,アイムヒア,0
1943,8012401044708,新規,0,2026-07-17,2026-07-17,株式会社ナカイ工業,,株式会社,東京都,武蔵野市,境４丁目１３－２６－１０８,,13,203,1800022,,,,,,,2026-07-17,1,,,,,ナカイコウギョウ,0
1945,8012701019541,新規,0,2026-07-17,2026-07-17,誠実株式会社,,株式会社,東京都,東久留米市,小山３丁目３番３０号ベル・コリーヌＢ－２,,13,222,2030051,,,,,,,2026-07-17,1,,,,,セイジツ,0
1951,8013301056479,新規,0,2026-07-17,2026-07-17,株式会社ＶＯＲＴＥＸ,,株式会社,東京都,豊島区,池袋３丁目２８番１０号,,13,116,1710014,,,,,,,2026-07-17,1,,,,,ボルテックス,0
1952,8013303008338,新規,0,2026-07-17,2026-07-17,合同会社スリービー,,合同会社,東京都,豊島区,南長崎６丁目２１番１３－１０１号,,13,116,1710052,,,,,,,2026-07-17,1,,,,,スリービー,0
1959,8020001169544,新規,0,2026-07-17,2026-07-17,株式会社ウイングロード,,株式会社,神奈川県,横浜市南区,永田東２丁目２番４０号,,14,105,2320072,,,,,,,2026-07-17,1,,,,,ウイングロード,0
1960,8020001169593,新規,0,2026-07-17,2026-07-17,株式会社ＯＵＲＳ　ＮＯＩＲ,,株式会社,神奈川県,横浜市鶴見区,矢向４丁目２８番１７－１号,,14,101,2300001,,,,,,,2026-07-17,1,,,,,ウルスノワール,0
1968,8020003031470,新規,0,2026-07-17,2026-07-17,合同会社ＯＣ,,合同会社,神奈川県,川崎市川崎区,小川町２番地１３ダイシンタワー３０１,,14,131,2100023,,,,,,,2026-07-17,1,,,,,オーシー,0
1969,8020003031487,新規,0,2026-07-17,2026-07-17,合同会社ビブリス・テクノロジーズ,,合同会社,神奈川県,横浜市鶴見区,北寺尾６丁目２５－５,,14,101,2300074,,,,,,,2026-07-17,1,,,,,ビブリステクノロジーズ,0
1976,8021001088692,新規,0,2026-07-17,2026-07-17,Ｃｏｒｅ　Ｓｔａｙ株式会社,,株式会社,神奈川県,相模原市南区,文京１丁目５番１９－３１４号エクメーネ相模大野文京,,14,153,2520307,,,,,,,2026-07-17,1,,,,,コアステイ,0
1977,8021001088718,新規,0,2026-07-17,2026-07-17,サードパーティリスク総研株式会社,,株式会社,神奈川県,横須賀市,光の丘８番３号ＹＲＰベンチャー棟４２１,,14,201,2390847,,,,,,,2026-07-17,1,,,,,サードパーティリスクソウケン,0
1978,8021001088742,新規,0,2026-07-17,2026-07-17,株式会社ＫＯＵＥＮ,,株式会社,神奈川県,足柄上郡松田町,寄１２３番地１３,,14,363,2580001,,,,,,,2026-07-17,1,,,,,コウエン,0
1979,8021001088759,新規,0,2026-07-17,2026-07-17,株式会社塩脇ハウジング,,株式会社,神奈川県,海老名市,下今泉３丁目４番１号,,14,215,2430435,,,,,,,2026-07-17,1,,,,,シオワキハウジング,0
1989,8030003029662,新規,0,2026-07-17,2026-07-17,合同会社ＣＨＩＭ　ＷＯＲＫＳ,,合同会社,埼玉県,所沢市,元町１８－１３プレシス所沢元町１１０１,,11,208,3591121,,,,,,,2026-07-17,1,,,,,チムワークス,0
1990,8030003029679,新規,0,2026-07-17,2026-07-17,合同会社池田龍,,合同会社,埼玉県,川口市,幸町３丁目７番２９号,,11,203,3320016,,,,,,,2026-07-17,1,,,,,イケダリュウ,0
1997,8040001144462,新規,0,2026-07-17,2026-07-17,株式会社ドリアン,,株式会社,千葉県,八街市,八街ほ１３７－７７,,12,230,2891115,,,,,,,2026-07-17,1,,,,,ドリアン,0
1998,8040001144495,新規,0,2026-07-17,2026-07-17,株式会社サリナス,,株式会社,千葉県,佐倉市,王子台３丁目２番地８,,12,212,2850837,,,,,,,2026-07-17,1,,,,,サリナス,0
2004,8040005023233,新規,0,2026-07-17,2026-07-17,一般社団法人グローバル・クリスチャン教育センター,,その他の設立登記法人,千葉県,印西市,瀬戸１３８２番地２３,,12,231,2701614,,,,,,,2026-07-17,1,,,,,グローバルクリスチャンキョウイクセンター,0
2006,8050001058686,新規,0,2026-07-17,2026-07-17,株式会社ベンリプラス,,株式会社,茨城県,鹿嶋市,大字棚木３０８番地１２,,08,222,3112214,,,,,,,2026-07-17,1,,,,,ベンリプラス,0
2007,8050001058703,新規,0,2026-07-17,2026-07-17,株式会社檜山果樹園,,株式会社,茨城県,常陸太田市,幡町１０１４番地の３,,08,212,3130025,,,,,,,2026-07-17,1,,,,,ヒヤマカジュエン,0
2011,8070001044288,新規,0,2026-07-17,2026-07-17,ｌｕｍａ株式会社,,株式会社,群馬県,桐生市,小梅町５番３３号,,10,203,3760004,,,,,,,2026-07-17,1,,,,,ルマ,0
2012,8070001044313,新規,0,2026-07-17,2026-07-17,株式会社優建,,株式会社,群馬県,伊勢崎市,太田町１２０８番地３,,10,204,3720006,,,,,,,2026-07-17,1,,,,,ユウケン,0
2015,8080101026409,新規,0,2026-07-17,2026-07-17,五十鈴園株式会社,,株式会社,静岡県,沼津市,東原４９１番地,,22,203,4100304,,,,,,,2026-07-17,1,,,,,イスズエン,0
2016,8080103003645,新規,0,2026-07-17,2026-07-17,ＵＮＥＴＥＥ合同会社,,合同会社,静岡県,伊豆市,月ケ瀬字吉奈川６５９番２,,22,222,4103215,,,,,,,2026-07-17,1,,,,,ウネテ,0
2017,8100001039846,新規,0,2026-07-17,2026-07-17,株式会社ｓｏａｒ,,株式会社,長野県,北佐久郡軽井沢町,中軽井沢１０番地７,,20,321,3890112,,,,,,,2026-07-17,1,,,,,ソア,0
2031,8120001287856,新規,0,2026-07-17,2026-07-17,源縁養護・養老センター株式会社,,株式会社,大阪府,大阪市福島区,玉川１丁目４番１７号ボヌール旭１０階,,27,103,5530004,,,,,,,2026-07-17,1,,,,,ゲンエンヨウゴヨウロウセンター,0
2046,8130001082579,新規,0,2026-07-17,2026-07-17,株式会社明治メディカルファーム,,株式会社,京都府,南丹市,日吉町保野田ヒノ谷６番地１明治国際医療大学内,,26,213,6290301,,,,,,,2026-07-17,1,,,,,メイジメディカルファーム,0
2057,8140001143438,新規,0,2026-07-17,2026-07-17,株式会社ネクサ,,株式会社,兵庫県,尼崎市,尾浜町２丁目３６番６号,,28,202,6610022,,,,,,,2026-07-17,1,,,,,ネクサ,0
2058,8140001143446,新規,0,2026-07-17,2026-07-17,株式会社至誠会,,株式会社,兵庫県,洲本市,小路谷１２８３番地３５,,28,205,6560023,,,,,,,2026-07-17,1,,,,,シセイカイ,0
2059,8140001143479,新規,0,2026-07-17,2026-07-17,株式会社アルトス．ケイ,,株式会社,兵庫県,西宮市,山口町名来１丁目２６番９号,,28,204,6511411,,,,,,,2026-07-17,1,,,,,アルトスケイ,0
2065,8140003023877,新規,0,2026-07-17,2026-07-17,合同会社カラーパス,,合同会社,兵庫県,神戸市須磨区,白川台３丁目７０－１０メゾンパルＩＩＩ１階北側,00144326,28,107,6540103,,,,,,,2026-07-17,1,,,,,カラーパス,0
2066,8140003023885,新規,0,2026-07-17,2026-07-17,合同会社ブライトワン,,合同会社,兵庫県,神戸市灘区,浜田町１丁目２番１７－４０１号,,28,102,6570862,,,,,,,2026-07-17,1,,,,,ブライトワン,0
2069,8160001027787,新規,0,2026-07-17,2026-07-17,株式会社ＴＮ組立,,株式会社,滋賀県,彦根市,下西川町６５４番地,,25,202,5211142,,,,,,,2026-07-17,1,,,,,ティーエヌクミタテ,0
2073,8180001172739,新規,0,2026-07-17,2026-07-17,株式会社Ｈａｇａｎｅ　Ｏｒａｌ　Ｈｅａｌｔｈ　Ｍａｎａｇｅｍｅｎｔ,,株式会社,愛知県,名古屋市中川区,助光３丁目１０１,,23,110,4540947,,,,,,,2026-07-17,1,,,,,ハガネオーラルヘルスマネジメント,0
2074,8180001172788,新規,0,2026-07-17,2026-07-17,株式会社イシダ料理店,,株式会社,愛知県,名古屋市東区,矢田東２番２３号,,23,102,4610044,,,,,,,2026-07-17,1,,,,,イシダリョウリテン,0
2075,8180003030531,新規,0,2026-07-17,2026-07-17,医療介護人材開発機構合同会社,,合同会社,愛知県,名古屋市中区,新栄３丁目１２番９号アメニティ新栄４０２号,,23,106,4600007,,,,,,,2026-07-17,1,,,,,イリョウカイゴジンザイカイハツキコウ,0
2076,8180003030556,新規,0,2026-07-17,2026-07-17,合同会社Ｔｏｒｏｋｋｏ,,合同会社,愛知県,名古屋市北区,東味鋺１丁目１６０２番地ＮＶＳ４１３号,,23,103,4620013,,,,,,,2026-07-17,1,,,,,トロッコ,0
2079,8190003005490,新規,0,2026-07-17,2026-07-17,ｉｃｈｉｔｏｒｉ合同会社,,合同会社,三重県,名張市,百合が丘西３番町１６５,,24,208,5180483,,,,,,,2026-07-17,1,,,,,イチトリ,0
2080,8200001045272,新規,0,2026-07-17,2026-07-17,株式会社ＩＮＦＩＮＩＴＹ,,株式会社,岐阜県,美濃加茂市,下米田町今１３３番地３,,21,211,5050015,,,,,,,2026-07-17,1,,,,,インフィニティー,0
2091,8240001066810,新規,0,2026-07-17,2026-07-17,株式会社３４ｔｈ　Ｓｔａｎｄａｒｄ,,株式会社,広島県,広島市安佐南区,伴南５丁目２番１７号,,34,105,7313168,,,,,,,2026-07-17,1,,,,,サーティーフォーススタンダード,0
2092,8240003007845,新規,0,2026-07-17,2026-07-17,合同会社ＴＡＫＵＭＩ,,合同会社,広島県,福山市,南手城町４丁目９－３０,,34,207,7210963,,,,,,,2026-07-17,1,,,,,タクミ,0
2093,8240003007853,新規,0,2026-07-17,2026-07-17,合同会社ＶｉＶｉ,,合同会社,広島県,広島市西区,南観音町１２番３０－３０４号,,34,104,7330034,,,,,,,2026-07-17,1,,,,,ヴィヴィ,0
2096,8260001041456,新規,0,2026-07-17,2026-07-17,株式会社絵和,,株式会社,岡山県,総社市,山田１５６番地３,,33,208,7101202,,,,,,,2026-07-17,1,,,,,エワ,0
2099,8280001009682,新規,0,2026-07-17,2026-07-17,リグドライブ株式会社,,株式会社,島根県,松江市,灘町１‐３５白潟トーケンレジデンス２０１号,,32,201,6900065,,,,,,,2026-07-17,1,,,,,リグドライブ,0
2103,8290001114829,新規,0,2026-07-17,2026-07-17,株式会社ＯＳＵ,,株式会社,福岡県,福岡市中央区,大濠１丁目３サンリッチ大濠４０４,,40,133,8100052,,,,,,,2026-07-17,1,,,,,オス,0
2104,8290001114837,新規,0,2026-07-17,2026-07-17,株式会社ＹＯＲＩＮＯＳ,,株式会社,福岡県,那珂川市,片縄東１丁目１８番２１号,,40,231,8111204,,,,,,,2026-07-17,1,,,,,ヨリノス,0
2105,8290001114886,新規,0,2026-07-17,2026-07-17,サンリットエステート株式会社,,株式会社,福岡県,福岡市博多区,博多駅中央街８－１ＪＲＪＰ博多ビル３Ｆ,,40,132,8120012,,,,,,,2026-07-17,1,,,,,サンリットエステート,0
2106,8290001114894,新規,0,2026-07-17,2026-07-17,日本再生医療株式会社,,株式会社,福岡県,福岡市早良区,干隈３丁目１９番２１号,,40,137,8140163,,,,,,,2026-07-17,1,,,,,ニホンサイセイイリョウ,0
2115,8320001021823,新規,0,2026-07-17,2026-07-17,株式会社ＦＲＥＥＳＴＹＬＥ,,株式会社,大分県,日田市,上城内町４番４５号,,44,204,8770003,,,,,,,2026-07-17,1,,,,,フリースタイル,0
2122,8330001034485,新規,0,2026-07-17,2026-07-17,ＭＥＴＡＬＩＳＴ株式会社,,株式会社,熊本県,上天草市,松島町阿村４２９５番地３,,43,212,8616101,,,,,,,2026-07-17,1,,,,,メタリスト,0
2130,8340003005277,新規,0,2026-07-17,2026-07-17,合同会社夢実現,,合同会社,鹿児島県,鹿児島市,清水町１５番２２－２０３号,,46,201,8920802,,,,,,,2026-07-17,1,,,,,ユメジツゲン,0
2144,8410001014553,新規,0,2026-07-17,2026-07-17,株式会社三皇,,株式会社,秋田県,秋田市,飯島松根東町４番１２号,,05,201,0110922,,,,,,,2026-07-17,1,,,,,サンコウ,0
2147,8420005008030,新規,0,2026-07-17,2026-07-17,一般社団法人ケアワン,,その他の設立登記法人,青森県,弘前市,大字向外瀬字豊田３２０番１,,02,202,0368066,,,,,,,2026-07-17,1,,,,,ケアワン,0
2150,8430001097349,新規,0,2026-07-17,2026-07-17,株式会社Ｎｏｒｔｈ　Ｄｉｎｉｎｇ,,株式会社,北海道,札幌市中央区,南四条西４丁目１３－２第五グリーンビル７階,,01,101,0640804,,,,,,,2026-07-17,1,,,,,ノースダイニング,0
2151,8430001097357,新規,0,2026-07-17,2026-07-17,株式会社オタルこころ,,株式会社,北海道,小樽市,長橋１丁目１７番３９号,,01,203,0470036,,,,,,,2026-07-17,1,,,,,オタルココロ,0
2152,8430003019202,新規,0,2026-07-17,2026-07-17,ロックテラス合同会社,,合同会社,北海道,室蘭市,高砂町４丁目１２番１１号,,01,205,0500072,,,,,,,2026-07-17,1,,,,,ロックテラス,0
2160,8700150136689,新規,0,2026-07-17,2026-07-17,ＧｕａｎｇＤｏｎｇｌａｉｔｕｙｉｎｇｘｉａｎｇｋｅｊｉｙｏｕｘｉａｎｇｏｎｇｓｉ,,外国会社等,,,,,,,,ｗｅｉｙｅｌｕ６ｈａｏｄｉｓａｎｚｈｕａｎｇｙｉｌｏｕｅｒｌｏｕｊｉｓａｎｌｏｕｚｈｉｙｉｙｉｚｈａｏｄｕｏｚｈｉＳａｎｘｉａｎｇｚｈｅｎＰｉｎｇｄｏｎｇｃｕｎＺｈｏｎｇｓｈａｎＧｕａｎｇｄｏｎｇ５２８４６３ＣＮ,,,,,,2026-07-17,1,,,,,コウトウレオフォトエイゾウカガクカブシキガイシャ,0
2176,9010001267075,新規,0,2026-07-17,2026-07-17,０．０１ＢＣ株式会社,,株式会社,東京都,中央区,銀座１丁目１２番４号Ｎ＆ＥＢＬ．６Ｆ,,13,102,1040061,,,,,,,2026-07-17,1,,,,,ゼロポイントゼロワンビーシー,0
2177,9010001267083,新規,0,2026-07-17,2026-07-17,株式会社デタント,,株式会社,東京都,中央区,銀座１丁目２２番１１号銀座大竹ビジデンス２Ｆ,,13,102,1040061,,,,,,,2026-07-17,1,,,,,デタント,0
2178,9010001267249,新規,0,2026-07-17,2026-07-17,株式会社ｅｎ　ｏｎｅパートナーズ,,株式会社,東京都,千代田区,外神田２丁目１７番６号,,13,101,1010021,,,,,,,2026-07-17,1,,,,,エンワンパートナーズ,0
2179,9010001267281,新規,0,2026-07-17,2026-07-17,エンデバー・ユナイテッド・パートナーズ・４８株式会社,,株式会社,東京都,千代田区,丸の内２丁目５番１号丸の内二丁目ビル６階,,13,101,1000005,,,,,,,2026-07-17,1,,,,,エンデバーユナイテッドパートナーズフォーティーエイト,0
2181,9010003052095,新規,0,2026-07-17,2026-07-17,さざなみコンサルティング合同会社,,合同会社,東京都,千代田区,神田和泉町１番地６－１６ヤマトビル４０５,,13,101,1010024,,,,,,,2026-07-17,1,,,,,サザナミコンサルティング,0
2182,9010005042020,新規,0,2026-07-17,2026-07-17,ＫＮＷ弁理士法人,,その他の設立登記法人,東京都,中央区,京橋２丁目６番５号,,13,102,1040031,,,,,,,2026-07-17,1,,,,,ケーエヌダブリュー,0
2186,9010403038479,新規,0,2026-07-17,2026-07-17,合同会社Ｋｙｂｅｒｎｅｓ,,合同会社,東京都,港区,北青山１丁目３－３三橋ビル３階,,13,103,1070061,,,,,,,2026-07-17,1,,,,,キュベルネス,0
2188,9010405025946,新規,0,2026-07-17,2026-07-17,一般社団法人ｃｏｒｅ１９,,その他の設立登記法人,東京都,港区,芝浦１丁目１番１号,,13,103,1050023,,,,,,,2026-07-17,1,,,,,コアナインティーン,0
2192,9010501056151,新規,0,2026-07-17,2026-07-17,吉川商店株式会社,,株式会社,東京都,台東区,柳橋２丁目１５番３号,,13,106,1110052,,,,,,,2026-07-17,1,,,,,ヨシカワショウテン,0
2193,9010501056176,新規,0,2026-07-17,2026-07-17,株式会社ＳＨアセット,,株式会社,東京都,台東区,根岸３丁目１－２２立花ビル４Ｆ,,13,106,1100003,,,,,,,2026-07-17,1,,,,,エスエイチアセット,0
2196,9010703008396,新規,0,2026-07-17,2026-07-17,合同会社さくら,,合同会社,東京都,品川区,上大崎３丁目１番１号目黒セントラルスクエア１５階,,13,109,1410021,,,,,,,2026-07-17,1,,,,,サクラ,0
2197,9010705003916,新規,0,2026-07-17,2026-07-17,一般社団法人ＪＡＰＡＮライブコマース協会,,その他の設立登記法人,東京都,品川区,上大崎３丁目５番１１号４階,,13,109,1410021,,,,,,,2026-07-17,1,,,,,ジャパンライブコマースキョウカイ,0
2209,9011003024869,新規,0,2026-07-17,2026-07-17,合同会社Ｕｐｒａｉｌ,,合同会社,東京都,渋谷区,幡ヶ谷３丁目７７番１号ケンズコート渋谷３０１,,13,113,1510072,,,,,,,2026-07-17,1,,,,,アップレイル,0
2212,9011101116725,新規,0,2026-07-17,2026-07-17,株式会社チューリップ,,株式会社,東京都,新宿区,新宿２丁目８番１５号パークフロント新宿２０２号室,,13,104,1600022,,,,,,,2026-07-17,1,,,,,チューリップ,0
2213,9011101116733,新規,0,2026-07-17,2026-07-17,株式会社プラシド,,株式会社,東京都,新宿区,西新宿３丁目３番１３号西新宿水間ビル６階,,13,104,1600023,,,,,,,2026-07-17,1,,,,,プラシド,0
2214,9011101116741,新規,0,2026-07-17,2026-07-17,株式会社エンパワリング,,株式会社,東京都,新宿区,新宿７丁目２６－３８サントーク新宿１４０６,,13,104,1600022,,,,,,,2026-07-17,1,,,,,エンパワリング,0
2215,9011103017277,新規,0,2026-07-17,2026-07-17,合同会社Ｓｋｙ　ＡＩ　Ｙｉｅｌｄ,,合同会社,東京都,新宿区,歌舞伎町１丁目１－１－３Ｆ,,13,104,1600021,,,,,,,2026-07-17,1,,,,,スカイエーアイイールド,0
2222,9011401028133,新規,0,2026-07-17,2026-07-17,株式会社ＭＳＫ,,株式会社,東京都,板橋区,弥生町４９番１２－６０３号,,13,119,1730021,,,,,,,2026-07-17,1,,,,,エムエスケー,0
2226,9011703004682,新規,0,2026-07-17,2026-07-17,クリーンエナジー合同会社,,合同会社,東京都,江戸川区,東小岩４丁目２９－１５,,13,123,1330052,,,,,,,2026-07-17,1,,,,,クリーンエナジー,0
2229,9012301014925,新規,0,2026-07-17,2026-07-17,株式会社大浜建設,,株式会社,東京都,町田市,木曽東３丁目７番３号クレッシェンド３０５,,13,209,1940036,,,,,,,2026-07-17,1,,,,,オオハマケンセツ,0
2230,9012403007868,新規,0,2026-07-17,2026-07-17,合同会社Ｔ‐ＷＡＮ,,合同会社,東京都,調布市,布田１丁目１３番地２ハイツミノン２０２,,13,208,1820024,,,,,,,2026-07-17,1,,,,,ティーワン,0
2231,9012703003575,新規,0,2026-07-17,2026-07-17,合同会社ＧｏｏｄＳｉｇｎ,,合同会社,東京都,西東京市,泉町４丁目４番地１６号シティハイツ３０５号室,,13,229,2020011,,,,,,,2026-07-17,1,,,,,グッドサイン,0
2235,9013301056503,新規,0,2026-07-17,2026-07-17,株式会社Ｒｕｎａｗａｙ,,株式会社,東京都,豊島区,西池袋２丁目４０番７号第２カツマタビル３０２,,13,116,1710021,,,,,,,2026-07-17,1,,,,,ランナウェイ,0
2239,9021001088618,新規,0,2026-07-17,2026-07-17,ＬＯＣＯ　Ｉｎｔｅｒｎａｔｉｏｎａｌ株式会社,,株式会社,神奈川県,藤沢市,片瀬海岸３丁目３番６号,,14,205,2510035,,,,,,,2026-07-17,1,,,,,ロコインターナショナル,0
2240,9021001088691,新規,0,2026-07-17,2026-07-17,株式会社ＣＰ型枠コンサルティング,,株式会社,神奈川県,小田原市,西酒匂１丁目１０番３号,,14,206,2560817,,,,,,,2026-07-17,1,,,,,シーピーカタワクコンサルティング,0
2241,9021001088717,新規,0,2026-07-17,2026-07-17,株式会社ウィルネクストジョブ,,株式会社,神奈川県,相模原市緑区,小渕１８７８番地１,,14,151,2520184,,,,,,,2026-07-17,1,,,,,ウィルネクストジョブ,0
2242,9021001088758,新規,0,2026-07-17,2026-07-17,高月物産株式会社,00144338,株式会社,神奈川県,藤沢市,鵠沼東３番１～２１３号,00144339,14,205,2510026,,,,,,,2026-07-17,1,,,,,タカツキブッサン,0
2243,9021001088766,新規,0,2026-07-17,2026-07-17,株式会社根本課題解決研究所,,株式会社,神奈川県,鎌倉市,植木３７０番地１ルネ鎌倉植木３０９,,14,204,2470073,,,,,,,2026-07-17,1,,,,,コンポンカダイカイケツケンキュウジョ,0
2244,9021003017698,新規,0,2026-07-17,2026-07-17,合同会社ひかり設備工業,,合同会社,神奈川県,相模原市中央区,上溝４０２７番地１２,,14,152,2520243,,,,,,,2026-07-17,1,,,,,ヒカリセツビコウギョウ,0
2245,9021003017707,新規,0,2026-07-17,2026-07-17,Ｓａｋｕｒａｌａ合同会社,,合同会社,神奈川県,相模原市中央区,田名５４３２番地９,,14,152,2520244,,,,,,,2026-07-17,1,,,,,サクララ,0
2251,9030001173362,新規,0,2026-07-17,2026-07-17,株式会社Ｓｔａｒｔ　Ｕｐ,,株式会社,埼玉県,鶴ヶ島市,大字五味ヶ谷３４３番地４,,11,241,3502202,,,,,,,2026-07-17,1,,,,,スタートアップ,0
2258,9040001144627,新規,0,2026-07-17,2026-07-17,＿橋金属株式会社,00144340,株式会社,千葉県,千葉市中央区,都町２丁目１６－１中央ビル４階Ｃ,,12,101,2600001,,,,,,,2026-07-17,1,,,,,シンバシキンゾク,0
2262,9040003030370,新規,0,2026-07-17,2026-07-17,住宅安心サポート合同会社,,合同会社,千葉県,船橋市,大穴南１丁目３３番１７号,,12,204,2740067,,,,,,,2026-07-17,1,,,,,ジュウタクアンシンサポート,0
2266,9050003010264,新規,0,2026-07-17,2026-07-17,アールサポート合同会社,,合同会社,茨城県,つくば市,赤塚字中向作６０２番地９６,,08,220,3050062,,,,,,,2026-07-17,1,,,,,,0
2274,9080103003644,新規,0,2026-07-17,2026-07-17,ＫＭＳ　Ｇｌｏｂａｌ合同会社,,合同会社,静岡県,富士市,松岡１５１２番地２,,22,210,4160909,,,,,,,2026-07-17,1,,,,,ケイエムエスグローバル,0
2291,9120001287847,新規,0,2026-07-17,2026-07-17,株式会社Ｒｉｓｅ　Ｏｎ,,株式会社,大阪府,大阪市中央区,淡路町４丁目５番４号,,27,128,5410047,,,,,,,2026-07-17,1,,,,,ライズオン,0
2292,9120001287855,新規,0,2026-07-17,2026-07-17,株式会社東京医療テック,,株式会社,大阪府,大阪市北区,梅田１丁目２番２号大阪駅前第２ビル１２－１２,,27,127,5300001,,,,,,,2026-07-17,1,,,,,トウキョウイリョウテック,0
2293,9120001287970,新規,0,2026-07-17,2026-07-17,株式会社アルシェ,,株式会社,大阪府,大阪市西区,立売堀４丁目７番２４号,,27,106,5500012,,,,,,,2026-07-17,1,,,,,アルシェ,0
2298,9120903006313,新規,0,2026-07-17,2026-07-17,合同会社ＢｅＨＢＢ,,合同会社,大阪府,吹田市,広芝町１０番８号江坂董友ビル１階,,27,205,5640052,,,,,,,2026-07-17,1,,,,,ビーハブ,0
2302,9130003011568,新規,0,2026-07-17,2026-07-17,Ｃ．Ｓ　Ｇｒｅｅｎ合同会社,,合同会社,京都府,相楽郡和束町,大字釜塚實出１番地,,26,365,6191212,,,,,,,2026-07-17,1,,,,,シーエスグリーン,0
2307,9140001143420,新規,0,2026-07-17,2026-07-17,株式会社Ｆｕｔｕｒｅ　Ａｔｔｒａｃｔｉｏｎ,,株式会社,兵庫県,尼崎市,杭瀬南新町４丁目４番８号,,28,202,6600822,,,,,,,2026-07-17,1,,,,,フューチャーアトラクション,0
2308,9140001143453,新規,0,2026-07-17,2026-07-17,株式会社コウベ・テック,,株式会社,兵庫県,神戸市灘区,桜口町３丁目２番６－２０１号,,28,102,6570036,,,,,,,2026-07-17,1,,,,,コウベテック,0
2309,9140001143478,新規,0,2026-07-17,2026-07-17,株式会社ＦＳ産業,,株式会社,兵庫県,加古川市,平岡町つつじ野３番地の３リベール明日都つつじ野５０５号,,28,210,6750105,,,,,,,2026-07-17,1,,,,,エフエスサンギョウ,0
2314,9140003023868,新規,0,2026-07-17,2026-07-17,合同会社ハンズキャリー,,合同会社,兵庫県,伊丹市,荻野８丁目１７番地の１,,28,207,6640002,,,,,,,2026-07-17,1,,,,,ハンズキャリー,0
2317,9140005027999,新規,0,2026-07-17,2026-07-17,一般社団法人自主支援リハビリ機構,,その他の設立登記法人,兵庫県,加西市,北条町東南１０１番１６号,,28,220,6752324,,,,,,,2026-07-17,1,,,,,ジシュシエンリハビリキコウ,0
2324,9180001172754,新規,0,2026-07-17,2026-07-17,株式会社小池風流軒,,株式会社,愛知県,海部郡蟹江町,八幡１丁目１０６番地,,23,425,4970056,,,,,,,2026-07-17,1,,,,,コイケフウリュウテン,0
2337,9240005016141,新規,0,2026-07-17,2026-07-17,一般社団法人ＡＮＧＬＥＲ’Ｓ　ＰＲＯＪＥＣＴ,,その他の設立登記法人,広島県,広島市南区,京橋町２番１号,,34,103,7320828,,,,,,,2026-07-17,1,,,,,アングラーズプロジェクト,0
2339,9270003001885,新規,0,2026-07-17,2026-07-17,Ｙｏｈａｋｕ　Ｄｅｓｉｇｎ合同会社,,合同会社,鳥取県,米子市,尾高６０４－１４,,31,202,6893514,,,,,,,2026-07-17,1,,,,,ヨハクデザイン,0
2347,9320001021822,新規,0,2026-07-17,2026-07-17,松本技術所株式会社,,株式会社,大分県,中津市,大字大悟法７８０番地８２,,44,203,8710151,,,,,,,2026-07-17,1,,,,,マツモトギジュツショ,0
2350,9320003005030,新規,0,2026-07-17,2026-07-17,合同会社あしあと,,合同会社,大分県,大分市,古国府１丁目２－６,,44,201,8700844,,,,,,,2026-07-17,1,,,,,アシアト,0
2353,9330001034484,新規,0,2026-07-17,2026-07-17,株式会社Ｓｔａｒ　Ａｌｌｉａｎｃｅ　Ｋ,,株式会社,熊本県,熊本市西区,新土河原１丁目１４番２号,,43,103,8600056,,,,,,,2026-07-17,1,,,,,スターアライアンスケイ,0
2375,9380001036204,新規,0,2026-07-17,2026-07-17,サイトセンシング株式会社,,株式会社,福島県,双葉郡大熊町,大字下野上字清水２３０番地,,07,545,9791308,,,,,,,2026-07-17,1,,,,,サイトセンシング,0
2390,9430003019192,新規,0,2026-07-17,2026-07-17,ノースアセット合同会社,,合同会社,北海道,札幌市中央区,南七条西２２丁目１‐１０,,01,101,0640807,,,,,,,2026-07-17,1,,,,,ノースアセット,0
2397,9470003003168,新規,0,2026-07-17,2026-07-17,ホームコンシェルジュ合同会社,,合同会社,香川県,高松市,太田上町６９２番地１７,,37,201,7618074,,,,,,,2026-07-17,1,,,,,ホームコンシェルジュ,0
2398,9480001013226,新規,0,2026-07-17,2026-07-17,株式会社ＮＥＶＥＲ　ＤＵＬＬ,,株式会社,徳島県,阿南市,宝田町中友１６７番地５,,36,204,7740045,,,,,,,2026-07-17,1,,,,,ネバーダル,0
2401,9700150136688,新規,0,2026-07-17,2026-07-17,ＳＨＵＮＷＥＩ　ＨＥＡＬＴＨ　（ＨＯＮＧ　ＫＯＮＧ）ＩＮＴＥＲＮＡＴＩＯＮＡＬ　ＧＲＯＵＰ　ＨＯＬＤＩＮＧＳ　ＣＯ．，ＬＩＭＩＴＥＤ,,外国会社等,,,,,,,,ＦＬＡＴ／ＲＭ　Ａ５３２　６／Ｆ　ＨＯＷＡＲＤ　ＦＡＣＴＯＲＹ　ＢＵＩＬＤＩＮＧ，６６　ＴＳＵＮ　ＹＩＰ　ＳＴＲＥＥＴ　ＫＷＵＮ　ＴＯＮＧ　ＫＯＷＬＯＯＮ　ＨＯＮＧ　ＫＯＮＧ,,,,,,2026-07-17,1,,,,,シュンウェイヘルスホンコンインターナショナルグループホールディングスリミテッド,0
